company,title,location,description
FTD solutions INC,Algorithm Engineer/Python, Ğ²Ñ–Ğ´Ğ´Ğ°Ğ»ĞµĞ½Ğ¾,"Develop, test, and maintain scalable and secure platform. (Written inÂ PHP, Vanilla Js, Python, Mysql, Sqlite, Docker) with focus onÂ its coreÂ â€” graph algorithms and built inÂ math. Collaborate with team members toÂ implement new features and improve existing functionality Conduct code reviews, participate inÂ debugging sessions, and perform refactoring asÂ needed. Rebuild ofÂ legacy PHP algorithmic core inÂ Python isÂ following the candidate onboarding.  Available for both strong juniors and senior enigneers with compensation matching the prooven experience 2+Â years ofÂ experience inÂ backend development with Python and associated technologies Strong algorithmic and math skills, including experience with graph algorithms, numerical methods, block algebra, etc. Experience with numpy, scipy, pandas isÂ aÂ strong plus. Docker, experience contributing through CICDÂ is aÂ must  Fluent English isÂ required, with Ukrainian orÂ Russian language asÂ aÂ strong advantage DevOps knowledge isÂ aÂ plus (experience setting upÂ CI/CDÂ pipelines, server management, and containerization isÂ beneficial) AQA experience isÂ aÂ must for writting Unit and APIÂ tests. Prior e2e Cypress experience isÂ aÂ strong plus. Prior experience with PHP stack isÂ aÂ plus. Bachelorâ€™s degree inÂ Computer Science, Software Engineering Excellent problem-solving skills and attention toÂ detail Effective communication skills and aÂ collaborative mindset Persistance, flexibility, strong ability toÂ learn Candiate questions, online coding, 2Â coding excersises light and medium complexity(1h) Open form conversation toÂ figure out candidate experience(1h)  Homework(6h) HR+reference check(30m) Cultural fit interview with leads and CEO(1h) Contract  "
UKEESS Software House,Strong Junior DevOps Engineer (with Python)," Ğ›ÑŒĞ²Ñ–Ğ², Ğ²Ñ–Ğ´Ğ´Ğ°Ğ»ĞµĞ½Ğ¾","Work with various AWS services, create new services using Terraform, configure communication between the services and application Work onÂ and guide microservice REST APIÂ design, communicating and aggregating data from different microservices Working with enterprise tools engineer toÂ deploy the data pipelines Evaluate large datasets, address and resolve reconcilable discrepancies through data analysis, and find opportunities for continuous data improvement. Identify automation opportunities within current analytics processes and work closely with the architecture team toÂ implement the solution. 2+Â years ofÂ professional experience inÂ aÂ DevOps role Good knowledge and commercial experience with the Amazon Web Services ecosystem (IAM, EC2, SQS, SNS, S3, Lambda, Secret Manager) Strong knowledge and commercial experience with Python and Django Strong knowledge and experience with Terraform Commercial experience with Docker and Kubernetes Experience development &Â maintenance ofÂ CI/CD pipelines Commercial experience with relational databases (MySQLÂ is preferable) Experience inÂ data mining, large-scale data acquisition, auditing, transformation, and cleaning, both structured and unstructured data English: Upper-intermediate level atÂ least (both spoken and written) Spark and Airflow Nextflow FSx for Lustre Competitive compensation (based onÂ market data but also depending onÂ the technical level ofÂ the candidate) Flexible work schedule 3Â health packages toÂ choose Annual paid vacation and state holiday celebration Free English classes (online) Individual approach toÂ professional growth Lack ofÂ bureaucracy and micromanagement Modern, comfortable office facilities (aÂ barbecue zone, kitchens, lounge rooms, coffee machines, etc.) Foreign business trips On-site parking lot and charge station for Electric Cars Corporate gifts, celebrations, and fun activities Sports activities: ping-pong, soccer, work-out "
CHI Software,Middle/Senior Python Developer (EU)," Ğ‘Ğ°Ñ€ÑĞµĞ»Ğ¾Ğ½Ğ° (Ğ†ÑĞ¿Ğ°Ğ½Ñ–Ñ), ĞšÑ€Ğ°ĞºÑ–Ğ² (ĞŸĞ¾Ğ»ÑŒÑ‰Ğ°), Ğ²Ñ–Ğ´Ğ´Ğ°Ğ»ĞµĞ½Ğ¾","AtÂ least 2+Â years experience with Python language; Experience with general Python web-frameworks: Django/Flask, Aiohttp and other; AWS/Azure/GCP experience; Experience with SQL and RDBMS (PostgreSQL, MySQL), NoSQL databases and Python ORMs; Knowledge ofÂ HTTP protocol; Knowledge ofÂ version control systems: GIT orÂ SVN; Understanding REST; Experience ofÂ writing unit and integration tests; Knowledge ofÂ CI/CD; Ability toÂ explore and drive new ideas and technologies, think and learn independently; Experience with Front-End frameworks: React/Vue/Angular will beÂ aÂ plus; Conversation English level, enabling effective communication with clients and team members. Develop and maintain backend services using Python; Work with web frameworks toÂ build robust web applications; Utilize SQL and NoSQL databases for data management; Integrate with cloud services (AWS/Azure/GCP) for scalable solutions; Write unit and integration tests toÂ ensure code quality; Use version control systems (GIT/SVN) for code management; Implement and support CI/CDÂ pipelines; Explore and adopt new technologies for project enhancements; Collaborate with the team toÂ develop effective technical solutions. Covered vacation period: 20Â business days and 5Â days off Free English classes Flexible working schedule Truly friendly and supporting atmosphere Working remotely orÂ inÂ one ofÂ our offices Medical insurance for employees from Ukraine Compensation ofÂ psychological counseling Legal support Relocation assistance "
Sprinterra,Python Developer, Ğ²Ñ–Ğ´Ğ´Ğ°Ğ»ĞµĞ½Ğ¾,"Development process isÂ managed inÂ accordance with Agile (Scrum) methodologies. Technologies used: Python/Django forÂ BE and Angular for FE. Design, develop, and maintain Python-based solutions. Collaborate with the team toÂ ensure seamless integration and optimal performance. Write clean, efficient, and well-documented code. Participate inÂ code reviews and contribute toÂ aÂ culture ofÂ quality and continuous improvement. Optimize applications for performance and scalability. Troubleshoot and resolve issues inÂ production environments. 3+Â years experience inÂ Python (preferably Django). Experience working with RESTful APIs and microservices architecture. Familiarity with cloud platforms (AWS, GCP orÂ Azure) and containerization (Docker, Kubernetes). Solid understanding ofÂ databases (SQL, NoSQL) and data modeling. Experience with version control (Git orÂ Bitbucket) and CI/CDÂ pipelines. Strong communication skills. Good communication level ofÂ English. "
Pecode,Python Developer," Ğ›ÑŒĞ²Ñ–Ğ², Ğ²Ñ–Ğ´Ğ´Ğ°Ğ»ĞµĞ½Ğ¾","Ğ¢Ğ¸Â Ğ¼Ğ°Ñ”Ñˆ Ğ½ĞµÂ Ğ¼ĞµĞ½ÑˆĞµ 2Â Ñ€Ğ¾ĞºÑ–Ğ² Ğ´Ğ¾ÑĞ²Ñ–Ğ´Ñƒ Ñ€Ğ¾Ğ±Ğ¾Ñ‚Ğ¸ Ğ·Â Python. Ğ’Ğ¾Ğ»Ğ¾Ğ´Ñ–Ñ”Ñˆ Ğ°Ğ½Ğ³Ğ»Ñ–Ğ¹ÑÑŒĞºĞ¾Ñ Ñ‚Ğ°Â ÑƒĞºÑ€Ğ°Ñ—Ğ½ÑÑŒĞºĞ¾Ñ Ğ½Ğ°Â Ñ€Ñ–Ğ²Ğ½Ñ– B2Â Ñ– Ğ²Ğ¸Ñ‰Ğµ. Ğ‘Ğ°Ğ¶Ğ°Ñ”Ñˆ Ğ¿Ñ€Ğ°Ñ†ÑĞ²Ğ°Ñ‚Ğ¸ Ğ²Â ĞºĞ¾Ğ¼Ğ°Ğ½Ğ´Ñ– Ğ¿Ñ€Ğ¾Ñ„ĞµÑÑ–Ğ¾Ğ½Ğ°Ğ»Ñ–Ğ² Ñ–Â Ñ€Ğ¾Ğ·Ğ²Ğ¸Ğ²Ğ°Ñ‚Ğ¸ÑÑ Ğ²Â IT ÑÑ„ĞµÑ€Ñ–. Python: Ğ’Ğ¿ĞµĞ²Ğ½ĞµĞ½Ğ¾ Ğ²Ğ¾Ğ»Ğ¾Ğ´Ñ–Ñ”Ñˆ ÑĞ¸Ğ½Ñ‚Ğ°ĞºÑĞ¸ÑĞ¾Ğ¼ Python, Ğ·Ğ½Ğ°Ñ”Ñˆ ÑÑ‚Ñ€ÑƒĞºÑ‚ÑƒÑ€Ğ¸ Ğ´Ğ°Ğ½Ğ¸Ñ… (ÑĞ¿Ğ¸ÑĞºĞ¸, ÑĞ»Ğ¾Ğ²Ğ½Ğ¸ĞºĞ¸, Ğ¼Ğ½Ğ¾Ğ¶Ğ¸Ğ½Ğ¸) Ñ‚Ğ°Â Ğ¾Ğ±â€™Ñ”ĞºÑ‚Ğ½Ğ¾-Ğ¾Ñ€Ñ–Ñ”Ğ½Ñ‚Ğ¾Ğ²Ğ°Ğ½Ğµ Ğ¿Ñ€Ğ¾Ğ³Ñ€Ğ°Ğ¼ÑƒĞ²Ğ°Ğ½Ğ½Ñ (ĞĞĞŸ). Web Development: Ğ”Ğ¾Ğ±Ñ€Ğµ Ñ€Ğ¾Ğ·ÑƒĞ¼Ñ–Ñ”Ñˆ Ğ¿Ñ€Ğ¸Ğ½Ñ†Ğ¸Ğ¿Ğ¸ Ğ²ĞµĞ±-Ñ€Ğ¾Ğ·Ñ€Ğ¾Ğ±ĞºĞ¸, Ğ²ĞºĞ»ÑÑ‡Ğ°ÑÑ‡Ğ¸ HTTP, RESTful API, Ñ–Â Ğ±Ğ°Ğ·Ğ¾Ğ²Ñƒ Ğ°Ñ€Ñ…Ñ–Ñ‚ĞµĞºÑ‚ÑƒÑ€Ñƒ ĞºĞ»Ñ–Ñ”Ğ½Ñ‚-ÑĞµÑ€Ğ²ĞµÑ€. Database Knowledge: Ğ’Ğ¼Ñ–Ñ”Ñˆ Ğ¿Ñ€Ğ°Ñ†ÑĞ²Ğ°Ñ‚Ğ¸ Ğ·Â SQL, Ñ€Ğ¾Ğ·ÑƒĞ¼Ñ–Ñ”Ñˆ ĞºĞ¾Ğ½Ñ†ĞµĞ¿Ñ†Ñ–Ñ— Ñ€ĞµĞ»ÑÑ†Ñ–Ğ¹Ğ½Ğ¸Ñ… Ğ±Ğ°Ğ· Ğ´Ğ°Ğ½Ğ¸Ñ… Ñ–Â Ğ·Ğ½Ğ°Ğ¹Ğ¾Ğ¼Ğ¸Ğ¹ Ğ·Â Ğ±Ğ°Ğ·Ğ¾Ğ²Ğ¸Ğ¼Ğ¸ Ğ¾Ğ¿ĞµÑ€Ğ°Ñ†Ñ–ÑĞ¼Ğ¸. Django Ğ°Ğ±Ğ¾ Flask: Ğ’Ğ¿ĞµĞ²Ğ½ĞµĞ½Ğ¾ Ğ²Ğ¸ĞºĞ¾Ñ€Ğ¸ÑÑ‚Ğ¾Ğ²ÑƒÑ”Ñˆ Django Ğ°Ğ±Ğ¾ Flask Ğ´Ğ»Ñ ÑÑ‚Ğ²Ğ¾Ñ€ĞµĞ½Ğ½Ñ Ñ‚Ğ°Â ÑƒĞ¿Ñ€Ğ°Ğ²Ğ»Ñ–Ğ½Ğ½Ñ Ğ²ĞµĞ±-Ğ·Ğ°ÑÑ‚Ğ¾ÑÑƒĞ½ĞºĞ°Ğ¼Ğ¸. Ğ’Ğ¼Ñ–Ñ”Ñˆ ÑÑ‚Ğ²Ğ¾Ñ€ÑĞ²Ğ°Ñ‚Ğ¸ Ğ±Ğ°Ğ·Ğ¾Ğ²Ñ– CRUD-Ğ·Ğ°ÑÑ‚Ğ¾ÑÑƒĞ½ĞºĞ¸ Ñ‚Ğ°Â Ñ€Ğ¾Ğ·ÑƒĞ¼Ñ–Ñ”Ñˆ Ñ„ÑƒĞ½Ğ´Ğ°Ğ¼ĞµĞ½Ñ‚Ğ°Ğ»ÑŒĞ½Ñ– ĞºĞ¾Ğ½Ñ†ĞµĞ¿Ñ†Ñ–Ñ— Ñ†Ğ¸Ñ… Ñ„Ñ€ĞµĞ¹Ğ¼Ğ²Ğ¾Ñ€ĞºÑ–Ğ². CRUDÂ Operations: Ğ’Ğ¼Ñ–Ñ”Ñˆ Ğ²Ğ¸ĞºĞ¾Ğ½ÑƒĞ²Ğ°Ñ‚Ğ¸ Ğ±Ğ°Ğ·Ğ¾Ğ²Ñ– Create, Read, Update, Delete (CRUD) Ğ¾Ğ¿ĞµÑ€Ğ°Ñ†Ñ–Ñ—. Relational Databases: ĞœĞ°Ñ”Ñˆ Ğ¼Ñ–Ñ†Ğ½Ñ– Ğ·Ğ½Ğ°Ğ½Ğ½Ñ Ğ¿Ñ€Ğ¾ ÑĞ¸ÑÑ‚ĞµĞ¼Ğ¸ ÑƒĞ¿Ñ€Ğ°Ğ²Ğ»Ñ–Ğ½Ğ½Ñ Ñ€ĞµĞ»ÑÑ†Ñ–Ğ¹Ğ½Ğ¸Ğ¼Ğ¸ Ğ±Ğ°Ğ·Ğ°Ğ¼Ğ¸ Ğ´Ğ°Ğ½Ğ¸Ñ… (RDBMS) ÑĞºÂ PostgreSQL Ğ°Ğ±Ğ¾ MySQL. ORMs: Ğ—Ğ½Ğ°Ğ¹Ğ¾Ğ¼Ğ¸Ğ¹ Ğ·Â Object-Relational Mappers (ORMs) ÑĞºÂ Django ORM Ğ°Ğ±Ğ¾ SQLAlchemy. RESTful APIÂ Principles: Ğ”Ğ¾Ğ±Ñ€Ğµ Ñ€Ğ¾Ğ·ÑƒĞ¼Ñ–Ñ”Ñˆ Ğ´Ğ¸Ğ·Ğ°Ğ¹Ğ½ Ñ–Â Ğ¿Ñ€Ğ¸Ğ½Ñ†Ğ¸Ğ¿Ğ¸ RESTful API. Basic CRUDÂ APIÂ Development: Ğ’Ğ¼Ñ–Ñ”Ñˆ ÑÑ‚Ğ²Ğ¾Ñ€ÑĞ²Ğ°Ñ‚Ğ¸ Ñ‚Ğ°Â ÑƒĞ¿Ñ€Ğ°Ğ²Ğ»ÑÑ‚Ğ¸ Ğ±Ğ°Ğ·Ğ¾Ğ²Ğ¸Ğ¼Ğ¸ CRUD Ğ¾Ğ¿ĞµÑ€Ğ°Ñ†Ñ–ÑĞ¼Ğ¸ Ñ‡ĞµÑ€ĞµĞ· RESTful API. Basic Web Security: Ğ—Ğ½Ğ°Ñ”Ñˆ Ğ±Ğ°Ğ·Ğ¾Ğ²Ñ– Ğ¿Ñ€Ğ¸Ğ½Ñ†Ğ¸Ğ¿Ğ¸ Ğ²ĞµĞ±-Ğ±ĞµĞ·Ğ¿ĞµĞºĞ¸, Ğ²ĞºĞ»ÑÑ‡Ğ°ÑÑ‡Ğ¸ Ğ·Ğ°Ñ…Ğ¸ÑÑ‚ Ğ²Ñ–Ğ´ SQL Ñ–Ğ½â€™Ñ”ĞºÑ†Ñ–Ğ¹ Ñ–Â Cross-Site Scripting (XSS). Docker: ĞœĞ°Ñ”Ñˆ Ğ±Ğ°Ğ·Ğ¾Ğ²Ñ– Ğ·Ğ½Ğ°Ğ½Ğ½Ñ Ğ¿Ñ€Ğ¾ Docker Ñ–Â ĞºĞ¾Ğ½Ñ‚ĞµĞ¹Ğ½ĞµÑ€Ğ¸Ğ·Ğ°Ñ†Ñ–Ñ. CI/CD: Ğ Ğ¾Ğ·ÑƒĞ¼Ñ–Ñ”Ñˆ Ğ¾ÑĞ½Ğ¾Ğ²Ğ¸ Ğ¿Ñ€Ğ¾Ñ†ĞµÑÑ–Ğ² Continuous Integration/Continuous Deployment (CI/CD) Ñ–Â Ñ–Ğ½ÑÑ‚Ñ€ÑƒĞ¼ĞµĞ½Ñ‚Ñ–Ğ². ĞŸÑ€Ğ¾Ñ„ĞµÑÑ–Ğ¹Ğ½Ğ¸Ğ¹ Ñ€Ñ–ÑÑ‚: Ğ¨Ğ¸Ñ€Ğ¾ĞºÑ– Ğ¼Ğ¾Ğ¶Ğ»Ğ¸Ğ²Ğ¾ÑÑ‚Ñ– Ğ´Ğ»Ñ Ñ‚Ğ²Ğ¾Ğ³Ğ¾ Ğ¿Ñ€Ğ¾Ñ„ĞµÑÑ–Ğ¹Ğ½Ğ¾Ğ³Ğ¾ Ñ‚Ğ°Â Ğ¾ÑĞ¾Ğ±Ğ¸ÑÑ‚Ğ¾Ğ³Ğ¾ Ñ€Ğ¾Ğ·Ğ²Ğ¸Ñ‚ĞºÑƒ. Ğ¡Ğ²Ğ¾Ğ±Ğ¾Ğ´Ğ°: ĞœĞ¾Ğ¶Ğ»Ğ¸Ğ²Ñ–ÑÑ‚ÑŒ Ğ²Ğ½Ğ¾ÑĞ¸Ñ‚Ğ¸ Ñ‚Ğ°Â Ñ€ĞµĞ°Ğ»Ñ–Ğ·Ğ¾Ğ²ÑƒĞ²Ğ°Ñ‚Ğ¸ ĞºÑ€ĞµĞ°Ñ‚Ğ¸Ğ²Ğ½Ñ– Ñ–Ğ´ĞµÑ—. Ğ Ğ¾Ğ·Ğ²Ğ¸Ñ‚Ğ¾Ğº: Ğ ĞµĞ³ÑƒĞ»ÑÑ€Ğ½Ñ– Â«Ğ¼Ğ°Ğ¹ÑÑ‚ĞµÑ€-ĞºĞ»Ğ°ÑĞ¸Â» Ğ²Ñ–Ğ´ Ğ½Ğ°ÑˆĞ¸Ñ… ĞµĞºÑĞ¿ĞµÑ€Ñ‚Ñ–Ğ² Ñ‚Ğ°Â Ğ·Ğ¾Ğ²Ğ½Ñ–ÑˆĞ½Ñ– Ğ½Ğ°Ğ²Ñ‡Ğ°Ğ½Ğ½Ñ. ĞÑ‚Ğ¼Ğ¾ÑÑ„ĞµÑ€Ğ°: Ğ”Ñ€ÑƒĞ¶Ğ½Ñ Ñ€Ğ¾Ğ±Ğ¾Ñ‡Ğ° Ğ°Ñ‚Ğ¼Ğ¾ÑÑ„ĞµÑ€Ğ°, ÑĞºĞ° Ğ´Ğ¾Ğ¿Ğ¾Ğ¼Ğ¾Ğ¶Ğµ Ñ‚Ğ¾Ğ±Ñ– ÑˆĞ²Ğ¸Ğ´ÑˆĞµ Ğ´Ğ¾ÑÑĞ³Ğ°Ñ‚Ğ¸ ÑƒÑĞ¿Ñ–Ñ…Ñƒ. "
PIN-UP Global,General QA Engineer (Python) â€” Warsaw/Cyprus," Ğ’Ğ°Ñ€ÑˆĞ°Ğ²Ğ° (ĞŸĞ¾Ğ»ÑŒÑ‰Ğ°), Ğ›Ñ–Ğ¼Ğ°ÑĞ¾Ğ» (ĞšÑ–Ğ¿Ñ€)"," isÂ one ofÂ the directions ofÂ the international ecosystem PIN-UP Global, which operates inÂ six countriesÂ â€” Ukraine, Poland, Kazakhstan, Cyprus, Peru, and Armenia.   isÂ the foundation ofÂ todayâ€™s international ecosystem ofÂ PIN-UP Global, the main products ofÂ   are platforms for Ukraine and Kazakhstan. PIN-UP Global isÂ anÂ ecosystem ofÂ independent companies involved inÂ the life cycle ofÂ various entertainment products. Ecosystem companies introduce innovative technologies, non-standard solutions for the development and scaling ofÂ products and services. â€¢ AtÂ least 2Â years ofÂ experience asÂ aÂ general tester (backend, frontend, API); â€¢ Deep knowledge inÂ Quality Assurance, with aÂ strong focus onÂ web applications testing, including manual testing skills for comprehensive coverage ofÂ both front-end and back-end systems. â€¢ Familiarity with Python, with aÂ basic understanding ofÂ Object-Oriented Programming (OOP) principles, ensuring the development ofÂ scalable and maintainable test code. â€¢ Demonstrated expertise inÂ APIÂ testing, including REST, gRPC, and WebSocket protocols, using various manual testing tools toÂ ensure seamless integration and service functionality. â€¢ Understanding ofÂ the WebDriver concept for browser automation. Knowledge ofÂ performance testing tools such asÂ Locust, JMeter, orÂ K6. â€¢ Understanding ofÂ Continuous Integration/Continuous Deployment (CI/CD) pipelines. â€¢ AÂ Bachelorâ€™s degree inÂ Computer Science, Software Engineering, orÂ aÂ related field, orÂ equivalent professional experience, toÂ provide aÂ strong technical foundation. â€¢ Strong problem-solving skills and effective communication abilities toÂ collaborate with team members and stakeholders. â€¢ Manual Testing â€¢ Bug Reporting â€¢ Automated Testing â€¢ Test Execution and Analysis â€¢ Stakeholder Engagement and Communication â€¢ Updating documentation based onÂ received requirements ğŸ€An exciting and challenging job inÂ aÂ fast-growing product ecosystem, the opportunity toÂ beÂ part ofÂ aÂ multicultural team ofÂ top professionals inÂ Development, Engineering and Architecture, Management, Operations, Marketing, etc; ğŸ¤Great working atmosphere with passionateÂ IT experts and leaders, sharing aÂ friendly culture and aÂ success-driven mindset isÂ guaranteed; ğŸ“Beautiful offices inÂ Kyiv, Warsaw, Limassol, Almaty, YerevanÂ â€” work with comfort and enjoy the opportunity toÂ build aÂ network ofÂ connections withÂ IT professionals day byÂ day; ğŸ§‘â€ğŸ’»Laptop &Â all necessary equipment for work according toÂ the ecosystem standards; ğŸ–Paid vacations, personal events days, days off; ğŸ«–Paid sick leave; ğŸ‘¨â€âš•Medical insurance; ğŸ’µReferral programÂ â€” enjoy cooperation with your colleagues and get the bonus; ğŸ“šEducational support byÂ our L&DÂ team: internal and external trainings and conferences, courses onÂ Udemy; ğŸ—£Free internal English courses; ğŸ¤¸â€â™€Sport benefit; ğŸ¦„Multiple internal activities: online platform with newsletters, quests, gamification and presents for collecting bonuses, PIN-UP talks club for movie and books lovers, board games cozy evenings, special office days dedicated toÂ holidays, etc; ğŸ³Company events, team buildings."
Poklyk,Middle Backend Engineer (Python)," ĞšĞ¸Ñ—Ğ², Ğ·Ğ° ĞºĞ¾Ñ€Ğ´Ğ¾Ğ½Ğ¾Ğ¼, Ğ²Ñ–Ğ´Ğ´Ğ°Ğ»ĞµĞ½Ğ¾"," isÂ aÂ   specializing inÂ developing and advancing our web and mobile applications,   and  , designed for SME automation. Our services empower businesses toÂ streamline processes and embrace aÂ more technological approach. WeÂ seek aÂ highly skilled   toÂ bolster our team. AtÂ our organization, weÂ employ aÂ product engineering methodology, ensuring that our products are meticulously crafted toÂ precisely meet the diverse business requirements ofÂ our valued users. PythonÂ 3.11, DjangoÂ 4, DRF, Celery, PostgreSQL, Redis, RabbitMQ, OpenAPI, Swagger, Pytest, FastAPI â€”Â 2+Â years ofÂ experience working asÂ aÂ Python Developer â€”Â Strong programming skills inÂ Python â€”Â Understanding ofÂ the REST API model â€”Â Experience with PostgreSQL, raw SQL â€”Â Experience with RabbitMQ, Celery â€”Â Experience with Redis â€”Â Familiar with smoke/unit testing with Pytest â€”Â Experience with bash â€”Â Experience with Git â€”Â Development ofÂ new functionality from scratch â€”Â Development and description ofÂ new API methods â€”Â Optimization and development ofÂ existing solutions â€”Â Close interaction with development teams like QA, Frontend, DevOps â€”Â Database query profiling and optimization â€”Â Participants inÂ the development ofÂ some microservice layers â€”Â Experience with Docker and Docker Compose â€”Â Experience with DRF orÂ FastAPI â€”Â Knowledge ofÂ relational database indexing/sharding/partitioning â€”Â Official employment with all the accompanying benefits. â€”Â Direct involvement inÂ product development, asÂ weÂ discuss each improvement proposal with the entire team. â€”Â The opportunity toÂ work with one ofÂ the leadingÂ IT companies inÂ business automation isÂ recognized asÂ essential toÂ the Ukrainian economy. â€”Â Flexible working arrangements, whether hybrid orÂ fully remote. â€”Â AÂ chance toÂ join aÂ company recognized byÂ programs like MasterCard Start Path Ukraine and Google for Startups. â€”Â 18Â vacation days, 10Â days off, and paid sick leave. â€”Â Access toÂ English language courses for professional growth. â€”Â Reimbursement for professional development activities, including courses, webinars, and related resources.   â€”Â Intro call with aÂ recruiter (30Â min) â€”Â Pre-interview with Team Lead (30Â min) â€”Â Technical Interview with Team Lead and CTO (1hÂ 30Â min) â€”Â Offer from Poklyk Letâ€™s create the future together ğŸš€"
Mate academy,Python Developer/Part-time Mentor, Ğ²Ñ–Ğ´Ğ´Ğ°Ğ»ĞµĞ½Ğ¾,"1Â Ñ€Ñ–Ğº ĞºĞ¾Ğ¼ĞµÑ€Ñ†Ñ–Ğ¹Ğ½Ğ¾Ğ³Ğ¾ Ğ´Ğ¾ÑĞ²Ñ–Ğ´Ñƒ ÑĞºÂ Python Developer; Ğ’Ğ¼Ñ–Ğ½Ğ½Ñ ĞºĞ¾Ğ¼ÑƒĞ½Ñ–ĞºÑƒĞ²Ğ°Ñ‚Ğ¸ Ğ·Â Ğ»ÑĞ´ÑŒĞ¼Ğ¸ Ñ‚Ğ°Â Ğ´Ğ¾Ğ¿Ğ¾Ğ¼Ğ°Ğ³Ğ°Ñ‚Ğ¸ Ñ—Ğ¼Â Ğ²Ğ¸Ñ€Ñ–ÑˆÑƒĞ²Ğ°Ñ‚Ğ¸ Ğ¿Ñ€Ğ¾Ğ±Ğ»ĞµĞ¼Ğ¸; Ğ’Ğ¼Ñ–Ğ½Ğ½Ñ ÑĞºÑ–ÑĞ½Ğ¾ Ğ¿Ğ»Ğ°Ğ½ÑƒĞ²Ğ°Ñ‚Ğ¸ ÑĞ²Ñ–Ğ¹ Ñ‡Ğ°Ñ Ñ‚Ğ°Â ÑĞ°Ğ¼Ğ¾ÑÑ‚Ñ–Ğ¹Ğ½Ğ¾ ÑĞ¸ÑÑ‚ĞµĞ¼Ğ°Ñ‚Ğ¸Ğ·ÑƒĞ²Ğ°Ñ‚Ğ¸ Ğ²Ğ»Ğ°ÑĞ½Ğ¸Ğ¹ Ğ³Ñ€Ğ°Ñ„Ñ–Ğº. ĞŸĞµÑ€ĞµĞ²Ñ–Ñ€ĞºĞ° Ğ´Ğ¾Ğ¼Ğ°ÑˆĞ½Ñ–Ñ… Ğ·Ğ°Ğ²Ğ´Ğ°Ğ½ÑŒ ÑÑ‚ÑƒĞ´ĞµĞ½Ñ‚Ñ–Ğ² Python ĞºÑƒÑ€ÑÑƒ; Ğ’Ñ–Ğ´Ğ¿Ğ¾Ğ²Ñ–Ğ´Ñ– Ğ½Ğ°Â Ğ¿Ğ¸Ñ‚Ğ°Ğ½Ğ½Ñ ÑÑ‚ÑƒĞ´ĞµĞ½Ñ‚Ñ–Ğ² Ğ²Â Ñ‡Ğ°Ñ‚Ñ– Ñ‚Ğ°Â Ğ½Ğ°Â zoom Ğ´Ğ·Ğ²Ñ–Ğ½ĞºĞ°Ñ…; ĞŸÑ€Ğ¾Ğ²ĞµĞ´ĞµĞ½Ğ½Ñ Ğ¿Ñ€Ğ¾Ğ±Ğ½Ğ¸Ñ… Ñ‚ĞµÑ…Ğ½Ñ–Ñ‡Ğ½Ğ¸Ñ… Ñ–Ğ½Ñ‚ĞµÑ€Ğ²â€™Ñ Ğ´Ğ»Ñ ÑÑ‚ÑƒĞ´ĞµĞ½Ñ‚Ñ–Ğ²; ĞŸÑ€Ğ¾Ğ¿Ğ¾Ğ½ÑƒĞ²Ğ°Ğ½Ğ½Ñ Ğ²Ğ»Ğ°ÑĞ½Ğ¸Ñ… Ñ–Ğ´ĞµĞ¹ Ğ´Ğ»Ñ Ğ²Ğ´Ğ¾ÑĞºĞ¾Ğ½Ğ°Ğ»ĞµĞ½Ğ½Ñ Ğ½Ğ°ÑˆĞ¾Ğ³Ğ¾ Ğ½Ğ°Ğ²Ñ‡Ğ°Ğ»ÑŒĞ½Ğ¾Ğ³Ğ¾ Ğ¿Ñ€Ğ¾Ñ†ĞµÑÑƒ. ĞœÑ–ÑÑ–Ñ Ğ´Ğ¾Ğ¿Ğ¾Ğ¼Ğ¾Ğ³Ñ‚Ğ¸ Ğ¼Ñ–Ğ»ÑŒĞ¹Ğ¾Ğ½Ğ°Ğ¼ Ğ»ÑĞ´ĞµĞ¹ Ñ€Ğ¾Ğ·Ğ¿Ğ¾Ñ‡Ğ°Ñ‚Ğ¸ ĞºĞ°Ñ€â€™Ñ”Ñ€Ñƒ Ğ²Â Ñ‚ĞµÑ…Ğ½Ğ¾Ğ»Ğ¾Ğ³Ñ–Ñ‡Ğ½Ñ–Ğ¹ ÑÑ„ĞµÑ€Ñ– ; ĞœÑ–Ğ½Ñ–Ğ¼ÑƒĞ¼ Ğ±ÑÑ€Ğ¾ĞºÑ€Ğ°Ñ‚Ñ–Ñ— ; ĞĞµĞ¹Ğ¼Ğ¾Ğ²Ñ–Ñ€Ğ½Ñƒ ĞºĞ¾Ğ¼Ğ°Ğ½Ğ´Ñƒ, ÑĞºĞ° Ğ¿Ğ¸ÑˆĞ°Ñ”Ñ‚ÑŒÑÑ ÑĞ²Ğ¾Ñ”Ñ ÑĞ¿Ñ€Ğ°Ğ²Ğ¾Ñ, Ñ–Â Ñ†ĞµÂ Ñ€Ğ¾Ğ±Ğ¸Ñ‚ÑŒ Ñ€Ğ¾Ğ±Ğ¾Ñ‚Ñƒ Ğ·Ğ°Ñ…Ğ¾Ğ¿Ğ»ÑÑÑ‡Ğ¾Ñ Ğ¿Ñ€Ğ¸Ğ³Ğ¾Ğ´Ğ¾Ñ ; ĞŸÑ€Ğ°ĞºÑ‚Ğ¸ĞºÑƒ Ñ‚Ğ²Ğ¾Ñ—Ñ… soft-skillsÂ â€” Ğ¼ĞµĞ½Ñ‚Ğ¾Ñ€ÑÑ‚Ğ²Ğ¾ Ñ‡ÑƒĞ´Ğ¾Ğ²Ğ¸Ğ¹ ÑĞ¿Ğ¾ÑÑ–Ğ± ÑˆĞ²Ğ¸Ğ´ÑˆĞµ Ğ´Ğ¾Ñ€Ğ¾ÑÑ‚Ğ¸ Ğ´Ğ¾Â Senior Ğ¿Ğ¾Ğ·Ğ¸Ñ†Ñ–Ğ¹ ; ĞŸĞ¾Ğ³Ğ¾Ğ´Ğ¸Ğ½Ğ½Ñƒ Ğ¾Ğ¿Ğ»Ğ°Ñ‚Ñƒ Ñ–Â Ğ³Ğ½ÑƒÑ‡ĞºĞ¸Ğ¹ Ğ³Ñ€Ğ°Ñ„Ñ–ĞºÂ â€” Ñ‚Ğ²Ñ–Ğ¹ Ñ‚Ğ¸Ğ¶Ğ´ĞµĞ½ÑŒ Ğ¼ĞµĞ½Ñ‚Ğ¾Ñ€ÑÑ‚Ğ²Ğ° Ğ±ÑƒĞ´Ğµ Ğ²ĞºĞ»ÑÑ‡Ğ°Ñ‚Ğ¸ 10+Â Ğ³Ğ¾Ğ´Ğ¸Ğ½ Ñ€Ğ¾Ğ±Ğ¾Ñ‚Ğ¸, ÑĞºÑ– Ñ‚Ğ¸Â ÑĞ°Ğ¼ (-Ğ°) Ğ¼Ğ¾Ğ¶ĞµÑˆ Ñ€Ğ¾Ğ·Ğ¿Ğ¾Ğ´Ñ–Ğ»Ğ¸Ñ‚Ğ¸ Ğ¿Ñ€Ğ¾Ñ‚ÑĞ³Ğ¾Ğ¼ Ñ‚Ğ¸Ğ¶Ğ½Ñ. ĞĞ°Ğ´Ñ–ÑˆĞ»Ğ¸ ÑĞ²Ğ¾Ñ” CV; Ğ’Ğ¸ĞºĞ¾Ğ½Ğ°Ğ¹ Ñ‚ĞµÑÑ‚Ğ¾Ğ²Ğµ Ğ·Ğ°Ğ²Ğ´Ğ°Ğ½Ğ½Ñ; ĞŸÑ€Ğ¾Ğ¹Ğ´Ğ¸ ÑĞ¿Ñ–Ğ²Ğ±ĞµÑÑ–Ğ´Ñƒ, ÑĞºĞ° Ğ±ÑƒĞ´Ğµ Ğ¼Ñ–ÑÑ‚Ğ¸Ñ‚Ğ¸ Ğ²Â ÑĞ¾Ğ±Ñ–Â HR Ñ‚Ğ°Â Ñ‚ĞµÑ…Ğ½Ñ–Ñ‡Ğ½Ñƒ Ñ‡Ğ°ÑÑ‚Ğ¸Ğ½Ñƒ. Ğ¦ÑÂ Ğ¿Ñ€Ğ¾Ğ¿Ğ¾Ğ·Ğ¸Ñ†Ñ–Ñ Ğ²Ñ–Ğ´Ğ¿Ğ¾Ğ²Ñ–Ğ´Ğ°Ñ” Ñ‚Ğ²Ğ¾Ñ—Ğ¼ ĞºĞ°Ñ€â€™Ñ”Ñ€Ğ½Ğ¸Ğ¼ Ñ†Ñ–Ğ»ÑĞ¼? Ğ¢Ğ¾Ğ´Ñ– Ğ´Ğ°Ğ²Ğ°Ğ¹ Ğ·Ğ½Ğ°Ğ¹Ğ¾Ğ¼Ğ¸Ñ‚Ğ¸ÑÑŒ! "
Improvs,Python Developer (Middle), Ğ²Ñ–Ğ´Ğ´Ğ°Ğ»ĞµĞ½Ğ¾,"2+Â years ofÂ experience with Python Knowledge ofÂ Django Understanding ofÂ RESTful API design and functionality Experience with CI/CD, GitHub Actions, orÂ similar tools Database experience Experience with Docker Understanding ofÂ SOLID principles Proficiency inÂ working with GIT/GitHub EnglishÂ â€” Intermediate Knowledge ofÂ JavaScript Developing, modifying, and debugging web applications Creating new features and fixing bugs inÂ the source code Collaborating with other team members toÂ achieve project goals Ensuring high code quality through testing and code review Reporting onÂ development processes Employee care: Paid vacations and 100% paid sick leave. Unlimited career growth opportunities. Comfortable conditions: Preferred work format (remote, hybrid, office). Flexible work schedule. Employment inÂ aÂ way that suits you. Expert and friendly team: Healthy relationships among people. Adequate management. The opportunity toÂ enhance your skills with aÂ strong team. Corporate events: WeÂ believe inÂ taking breaks from work, soÂ weÂ organize team-building events and business trips for professional development. "
COAX Software,Middle Python Developer, Ğ†Ğ²Ğ°Ğ½Ğ¾-Ğ¤Ñ€Ğ°Ğ½ĞºÑ–Ğ²ÑÑŒĞº,"  COAX Software Ğ·Ğ°Ğ¹Ğ¼Ğ°Ñ”Ñ‚ÑŒÑÑ ÑÑ‚Ğ²Ğ¾Ñ€ĞµĞ½Ğ½ÑĞ¼ Ğ¿Ñ€Ğ¾Ğ´ÑƒĞºÑ‚Ñ–Ğ² ÑƒÂ ÑÑ„ĞµÑ€Ğ°Ñ… e-commerce, fintech, real estate, travel Ğ½Ğ°Â Ñ€Ğ¸Ğ½ĞºĞ°Ñ… Ğ„Ğ²Ñ€Ğ¾Ğ¿Ğ¸, Ğ¡Ğ¨Ğ, Ğ‘Ñ€Ğ¸Ñ‚Ğ°Ğ½Ñ–Ñ— Ñ‚Ğ°Â Ñ–Ğ½ÑˆĞ¸Ñ… ĞºÑ€Ğ°Ñ—Ğ½ Ğ½Ğ°Â Ğ°ÑƒÑ‚ÑĞ¾Ñ€Ñ Ñ‚Ğ°Â Ğ°ÑƒÑ‚ÑÑ‚Ğ°Ñ„ Ğ¾ÑĞ½Ğ¾Ğ²Ñ–. ĞŸÑ€Ğ°Ñ†ÑÑ”Ğ¼Ğ¾ Ñ‚Ñ–Ğ»ÑŒĞºĞ¸ Ğ½Ğ°Ğ´ ĞºÑ€ÑƒÑ‚Ğ¸Ğ¼Ğ¸ Ñ‚Ğ°Â ÑĞ¿Ñ€Ğ°Ğ²Ğ´Ñ– Ğ°ĞºÑ‚ÑƒĞ°Ğ»ÑŒĞ½Ğ¸Ğ¼Ğ¸ Ğ¿Ñ€Ğ¾Ñ”ĞºÑ‚Ğ°Ğ¼Ğ¸, ÑĞºÑ– Ñ€Ğ¾Ğ±Ğ»ÑÑ‚ÑŒ Ğ½Ğ°ÑˆĞµ Ğ¶Ğ¸Ñ‚Ñ‚Ñ ĞºÑ€Ğ°Ñ‰Ğ¸Ğ¼! : â€”Â Ñ‰Ğ¾Ğ¿Ñ–Ğ²Ñ€Ñ–Ñ‡Ğ½Ñ– Ğ¿ĞµÑ€ĞµĞ³Ğ»ÑĞ´Ğ¸ Ğ½Ğ°Â Ğ¾ÑĞ½Ğ¾Ğ²Ñ– PDP Ñ‚Ğ°Â OKR; â€”Â ÑĞ¿Ñ€Ğ°Ğ²Ğ´Ñ– Ğ³Ğ½ÑƒÑ‡ĞºĞ¸Ğ¹ Ğ³Ñ€Ğ°Ñ„Ñ–Ğº: Ğ³Ğ¾Ğ»Ğ¾Ğ²Ğ½ĞµÂ â€” Ğ±ÑƒÑ‚Ğ¸ Ğ¿Ñ€Ğ¸ÑÑƒÑ‚Ğ½Ñ–Ğ¼ Ğ½Ğ°Â Ğ´Ğ·Ğ²Ñ–Ğ½ĞºĞ°Ñ… Ñ–Â Ğ¿Ñ–Ğ´Ñ‚Ñ€Ğ¸Ğ¼ÑƒĞ²Ğ°Ñ‚Ğ¸ Ğ·Ğ²â€™ÑĞ·Ğ¾Ğº Ğ·Â ĞºĞ¾Ğ¼Ğ°Ğ½Ğ´Ğ¾Ñ. ĞÂ ÑĞºÂ Ğ²Ğ¸Â Ñ€Ğ¾Ğ·ĞºĞ¸Ğ´Ğ°Ñ”Ñ‚Ğµ Ñ€ĞµÑˆÑ‚Ñƒ Ñ€Ğ¾Ğ±Ğ¾Ñ‡Ğ¸Ñ… Ğ³Ğ¾Ğ´Ğ¸Ğ½Â â€” ÑĞ¿Ñ€Ğ°Ğ²Ğ° Ğ²Ğ°ÑˆĞ°; â€”Â ÑƒÑÑ– Ñ‚ÑƒĞ»Ğ·Ğ¸ Ğ´Ğ»Ñ Ñ€Ğ¾Ğ±Ğ¾Ñ‚Ğ¸ Ñ‚Ğ°Â wiki-Ğ±Ğ°Ğ·Ğ° ĞºÑƒÑ€ÑÑ–Ğ², Ñ‰Ğ¾Ğ± Ğ¿Ñ€Ğ¾ĞºĞ°Ñ‡Ğ°Ñ‚Ğ¸ÑÑŒ Ñ‚ĞµÑ…Ğ½Ñ–Ñ‡Ğ½Ğ¾; Ğ²Ñ–Ğ´ĞºÑ€Ğ¸Ñ‚Ñ– Ğ´Ğ¾Â Ğ½Ğ¾Ğ²Ğ¸Ñ… Ñ–Ğ´ĞµĞ¹ Ñ‚Ğ°Â Ğ´ÑƒĞ¼Ğ¾Ğº Ğ¼ĞµĞ½ĞµĞ´Ğ¶ĞµÑ€Ğ¸; â€”Â Ğ±ĞµĞ· Ğ±ÑÑ€Ğ¾ĞºÑ€Ğ°Ñ‚Ñ–Ñ—: Ñ”Â Ğ¿Ñ€Ğ¾Ğ±Ğ»ĞµĞ¼Ğ°? Ğ¡Ñ‚ÑƒĞºĞ°Ğ¹Ñ‚Ğµ ÑƒÂ Ğ´Ğ²ĞµÑ€Ñ– Ñ€ÑƒĞ¼Ğ¸   Ñ–Â ÑĞºĞ°Ğ¶Ñ–Ñ‚ÑŒ Ğ¿Ñ€Ğ¾Â Ñ†Ğµ. ĞœĞ¸Â Ğ·Ğ°Â Ğ²Ñ–Ğ´ĞºÑ€Ğ¸Ñ‚Ñ–ÑÑ‚ÑŒ Ñ–Â ÑˆĞ²Ğ¸Ğ´ĞºĞµ Ğ²Ğ¸Ñ€Ñ–ÑˆĞµĞ½Ğ½Ñ ĞºĞµĞ¹ÑÑ–Ğ²;  â€”Â ÑĞ¾Ñ†. Ğ¿Ğ°ĞºĞµÑ‚,Ğ·Ğ°Ğ±ĞµĞ·Ğ¿ĞµÑ‡ĞµĞ½Ğ½Ñ apple Ñ‚ĞµÑ…Ğ½Ñ–ĞºĞ¾ÑÂ â€” ÑƒÑÑ– Ñ†Ñ–Â Ğ·Ğ²Ğ¸Ñ‡Ğ½Ñ– Ñ€ĞµÑ‡Ñ– Ñ‚Ğ°Â Ğ½Ğ°Ğ±Ğ°Ğ³Ğ°Ñ‚Ğ¾ Ğ±Ñ–Ğ»ÑŒÑˆĞµ) â€”Â Ñ€Ñ–Ğ²ĞµĞ½ÑŒ Ñ€Ğ¾Ğ·Ğ¼Ğ¾Ğ²Ğ½Ğ¾Ñ— Ğ°Ğ½Ğ³Ğ»Ñ–Ğ¹ÑÑŒĞºĞ¾Ñ— Ğ²Ñ–Ğ´ Ğ²Ğ¿ĞµĞ²Ğ½ĞµĞ½Ğ¾Ğ³Ğ¾  ; â€”Â Ğ²Ñ–Ğ´  ĞºĞ¾Ğ¼ĞµÑ€Ñ†Ñ–Ğ¹Ğ½Ğ¾Ğ³Ğ¾ Ğ´Ğ¾ÑĞ²Ñ–Ğ´Ñƒ Ğ·Â Python Ñ‚Ğ°Â Django; â€”Â Ğ²Ğ¿ĞµĞ²Ğ½ĞµĞ½Ñ– Ğ·Ğ½Ğ°Ğ½Ğ½Ñ Ğ·Â Redis; â€”Â Ğ´Ğ¾ÑĞ²Ñ–Ğ´ Ğ·Â PostgreSQL; â€”Â Ğ½Ğ°Ğ²Ğ¸Ñ‡ĞºĞ¸ Ğ¼Ğ¾Ğ´ÑƒĞ»ÑŒĞ½Ğ¾Ğ³Ğ¾ Ñ‚ĞµÑÑ‚ÑƒĞ²Ğ°Ğ½Ğ½Ñ Ñ‚Ğ°Â Ğ½Ğ°Ğ»Ğ°Ğ³Ğ¾Ğ´Ğ¶ĞµĞ½Ğ½Ñ Ğ·Ğ°Â Ğ´Ğ¾Ğ¿Ğ¾Ğ¼Ğ¾Ğ³Ğ¾Ñ pytest Ğ°Ğ±Ğ¾ Ñ–Ğ½ÑˆĞ¸Ñ… Ñ–Ğ½ÑÑ‚Ñ€ÑƒĞ¼ĞµĞ½Ñ‚Ñ–Ğ²; â€”Â Ğ·Ğ½Ğ°Ğ½Ğ½Ñ Ğ¿Ñ€Ğ¸Ğ½Ñ†Ğ¸Ğ¿Ñ–Ğ² SOLID, DRY, EDDÂ Ñ‚Ğ° TDD; â€”Â Ñ€Ğ¾Ğ·ÑƒĞ¼Ñ–Ğ½Ğ½Ñ Ğ¼ĞµÑ€ĞµĞ¶ĞµĞ²Ğ¸Ñ… Ğ¿Ñ€Ğ¾Ñ‚Ğ¾ĞºĞ¾Ğ»Ñ–Ğ²; â€”Â Ğ´Ğ¾ÑĞ²Ñ–Ğ´ Ñ–Ğ·Â Ğ½ĞµÑ€ĞµĞ»ÑÑ†Ñ–Ğ¹Ğ½Ğ¸Ğ¼Ğ¸ Ğ±Ğ°Ğ·Ğ°Ğ¼Ğ¸ Ğ´Ğ°Ğ½Ğ¸Ñ…; â€”Â Ñ–Ğ·Â ÑĞ¾Ñ„Ñ‚ ÑĞºÑ–Ğ»Ñ–Ğ², Ğ·Ğ²Ğ¸Ñ‡Ğ°Ğ¹Ğ½Ğ¾, Ğ²Ñ–Ğ´Ğ¿Ğ¾Ğ²Ñ–Ğ´Ğ°Ğ»ÑŒĞ½Ñ–ÑÑ‚ÑŒ, Ğ¿Ñ€Ğ¾Ğ°ĞºÑ‚Ğ¸Ğ²Ğ½Ñ–ÑÑ‚ÑŒ, ÑƒĞ²Ğ°Ğ¶Ğ½Ñ–ÑÑ‚ÑŒ Ğ´Ğ¾Â Ğ´ĞµÑ‚Ğ°Ğ»ĞµĞ¹ Ñ‚Ğ°Â Ğ±Ğ°Ğ¶Ğ°Ğ½Ğ½Ñ Ñ€Ğ¾Ğ·Ğ²Ğ¸Ğ²Ğ°Ñ‚Ğ¸ÑÑŒ.  Ñ€Ğ¾Ğ±Ğ¾Ñ‚Ğ° Ğ·Â Elasticsearch,FastAPI, Flask Ñ‚Ğ°Â Ğ·Ğ½Ğ°Ğ½Ğ½Ñ SQLAlchemy, SQLModel Ğ°Ğ±Ğ¾ Tortoise ORM.   â€”Â Ğ¿Ñ–Ğ´Ñ‚Ñ€Ğ¸Ğ¼ĞºĞ° Ñ–ÑĞ½ÑƒÑÑ‡Ğ¾Ğ³Ğ¾ ĞºĞ¾Ğ´Ñƒ; â€”Â Ñ€Ğ¾Ğ±Ğ¾Ñ‚Ğ° Ğ·Â ĞºĞ¾Ğ¼Ğ°Ğ½Ğ´Ğ¾Ñ Ğ·Â Ğ²Ğ¿Ñ€Ğ¾Ğ²Ğ°Ğ´Ğ¶ĞµĞ½Ğ½Ñ Ğ½Ğ¾Ğ²Ğ¸Ñ… Ñ€Ñ–ÑˆĞµĞ½ÑŒ, ÑĞºÑ– Ğ²Ğ¸Ñ€Ñ–ÑˆÑƒÑÑ‚ÑŒ Ğ¿Ñ€Ğ¾Ğ±Ğ»ĞµĞ¼Ğ¸ ĞºĞ»Ñ–Ñ”Ğ½Ñ‚Ğ°; â€”Â ÑÑ‚Ğ²Ğ¾Ñ€ÑĞ²Ğ°Ñ‚Ğ¸ Ñ‚Ğ°Â Ğ¿Ñ–Ğ´Ñ‚Ñ€Ğ¸Ğ¼ÑƒĞ²Ğ°Ñ‚Ğ¸ Ñ‚ĞµÑ…Ğ½Ñ–Ñ‡Ğ½Ñƒ Ğ´Ğ¾ĞºÑƒĞ¼ĞµĞ½Ñ‚Ğ°Ñ†Ñ–Ñ Ğ´Ğ»Ñ ĞºĞ¾Ğ´Ğ¾Ğ²Ğ¸Ñ… Ğ±Ğ°Ğ·, APIÂ Ñ‚Ğ° Ğ¿Ñ€Ğ¾Ñ†ĞµÑÑ–Ğ² Ñ€Ğ¾Ğ·Ñ€Ğ¾Ğ±ĞºĞ¸; â€”Â Ğ¾Ğ¿Ñ‚Ğ¸Ğ¼Ñ–Ğ·Ğ°Ñ†Ñ–Ñ Ñ–ÑĞ½ÑƒÑÑ‡Ğ¾Ñ— ĞºĞ¾Ğ´Ğ¾Ğ²Ğ¾Ñ— Ğ±Ğ°Ğ·Ğ¸; â€”Â Ğ²Ğ¸ÑĞ²Ğ»ÑÑ‚Ğ¸, Ğ´Ñ–Ğ°Ğ³Ğ½Ğ¾ÑÑ‚ÑƒĞ²Ğ°Ñ‚Ğ¸ Ñ‚Ğ°Â Ğ²Ñ‡Ğ°ÑĞ½Ğ¾ Ğ²Ğ¸Ğ¿Ñ€Ğ°Ğ²Ğ»ÑÑ‚Ğ¸ Ğ¿Ñ€Ğ¾Ğ³Ñ€Ğ°Ğ¼Ğ½Ñ– Ğ¿Ğ¾Ğ¼Ğ¸Ğ»ĞºĞ¸ Ñ‚Ğ°Â Ğ¿Ñ€Ğ¾Ğ±Ğ»ĞµĞ¼Ğ¸; â€”Â Ğ·Ğ°Ğ±ĞµĞ·Ğ¿ĞµÑ‡ÑƒĞ²Ğ°Ñ‚Ğ¸ ĞµÑ„ĞµĞºÑ‚Ğ¸Ğ²Ğ½Ñƒ ĞºĞ¾Ğ¼ÑƒĞ½Ñ–ĞºĞ°Ñ†Ñ–Ñ; â€”Â Ğ½Ğ°Ğ¿Ğ¸ÑĞ°Ğ½Ğ½Ñ Ñ‚ĞµÑÑ‚Ñ–Ğ²; â€”Â Ğ±Ñ€Ğ°Ñ‚Ğ¸ ÑƒÑ‡Ğ°ÑÑ‚ÑŒ ÑƒÂ Ğ²Ğ¸Ñ€Ñ–ÑˆĞµĞ½Ğ½Ñ– Ğ¿Ñ€Ğ¾Ğ±Ğ»ĞµĞ¼, ÑĞºÑ– Ğ²Ğ¸Ğ½Ğ¸ĞºĞ°ÑÑ‚ÑŒ Ñ‚Ğ°Â Ğ¼Ğ¾Ğ¶Ğ»Ğ¸Ğ²Ñ–ÑÑ‚ÑŒ Ğ·Ğ½Ğ°Ñ…Ğ¾Ğ´Ğ¸Ñ‚Ğ¸ Ñ€Ñ–ÑˆĞµĞ½Ğ½Ñ Ğ·Ğ°Â Ğ´Ğ¾Ğ¿Ğ¾Ğ¼Ğ¾Ğ³Ğ¾Ñ Ğ·Ğ°ÑĞ¾Ğ±Ñ–Ğ² Ğ¼Ğ¾Ğ½Ñ–Ñ‚Ğ¾Ñ€Ğ¸Ğ½Ğ³Ñƒ; â€”Â Ğ±ÑƒÑ‚Ğ¸ Ğ¿Ñ€Ğ¸ÑÑƒÑ‚Ğ½Ñ–Ğ¼ Ğ½Ğ°Â Ğ¼Ñ–Ñ‚Ğ¸Ğ½Ğ³Ğ°Ñ…, Ğ´ĞµĞ¼Ğ¾, Ñ€ĞµĞ»Ñ–Ğ·Ğ°Ñ… Ñ‚Ğ°Â Ñ€Ñ–Ğ·Ğ½Ğ¸Ñ… Ñ–Ğ²ĞµĞ½Ñ‚Ğ°Ñ…. P.S. Ğ¿Ñ€Ğ¸ Ğ²Ñ–Ğ´Ğ´Ğ°Ğ»ĞµĞ½Ğ¾Ğ¼Ñƒ Ñ‚Ğ¸Ğ¿Ñ– ÑĞ¿Ñ–Ğ²Ğ¿Ñ€Ğ°Ñ†Ñ– Ğ²Ğ°ĞºĞ°Ğ½ÑÑ–Ñ Ğ¿ĞµÑ€ĞµĞ´Ğ±Ğ°Ñ‡Ğ°Ñ” Ğ»Ğ¾ĞºĞ°Ñ†Ñ–Ğ¹Ğ½Ğµ Ğ·Ğ½Ğ°Ñ…Ğ¾Ğ´Ğ¶ĞµĞ½Ğ½Ñ Ğ²Â Ğ£ĞºÑ€Ğ°Ñ—Ğ½Ñ– Ñ‚Ğ°Â Ñ€ĞµĞ³ÑƒĞ»ÑÑ€Ğ½Ñ– Ğ²Ñ–Ğ´Ñ€ÑĞ´Ğ¶ĞµĞ½Ğ½Ñ Ğ²Â Ğ†Ğ²Ğ°Ğ½Ğ¾-Ğ¤Ñ€Ğ°Ğ½ĞºÑ–Ğ²ÑÑŒĞº Ğ´Ğ¾Â ĞºĞ¾Ğ¼Ğ°Ğ½Ğ´Ğ¸."
Temerix,Core Support Engineer (With Python), Ğ’Ñ–Ğ½Ğ½Ğ¸Ñ†Ñ,"Excellent communication inÂ both spoken and written English Python knowledge: (Libraries: scrappy, splash, puppeteer, requests, json, etree, os, re, pandas) Understanding ofÂ OOP principles Strong knowledge ofÂ HTTP Methods and Networking, Debugging tools inÂ Browsers, Experience with Postman Proficient understanding ofÂ code versioning tools (Git, Bitbucket ect.) Good familiarity with the Linux OSÂ and command line (pip, basic commands) Knowledge ofÂ HTML/CSS Applicant should beÂ able toÂ create aÂ simple HTML page BAÂ inÂ Computer Science /Information Systems orÂ Industrial Engineering and Management GraduateÂ â€” Advantage Working experience inÂ JavaScriptÂ â€” Advantage NoSQLÂ / SQL knowledgeÂ â€” Advantage. Reverse engineering ofÂ API/web-applicationsÂ â€” Advantage Xpath orÂ Regular ExpressionsÂ â€” Advantage Ability toÂ work well independently and productively inÂ highly pressured environment Creative thinking and team collaborator Self-learner Performing website analysis for creating highly efficient and maintainable automated data collectors inÂ Python Adding enhancements toÂ existing collectors Understanding internal data pipelines, troubleshooting, spotting and overcoming issues onÂ the different stages ofÂ data flows. Mastering different lines ofÂ business and their requirements and delivering solutions according toÂ internal guidelines and quality requirements. Collaborating with external partners and integrating their solutions toÂ our infrastructure Taking aÂ logical, data-backed approach toÂ prioritizing projects, while cooperating with colleagues from different departments atÂ the same time. Taking ownership ofÂ new and challenging projects and enjoying being the â€œgo-toâ€ person. Enhancing our knowledge base with new high-end solutions. "
GR8 Tech,Middle Python Engineer (Data Engineer)," Moldova, Poland, Ğ›Ñ–Ğ¼Ğ°ÑĞ¾Ğ» (ĞšÑ–Ğ¿Ñ€), ĞŸÑ€Ğ°Ğ³Ğ° (Ğ§ĞµÑ…Ñ–Ñ), Ğ²Ñ–Ğ´Ğ´Ğ°Ğ»ĞµĞ½Ğ¾","WeÂ have great experience: GR8 Tech platform successfully handles millions ofÂ active players and offers best practices toÂ develop and grow inÂ the gambling industry. WeÂ are here toÂ provide great gaming tech toÂ satisfy even greater ambition! WeÂ develop complete tech coverage for gambling businesses worldwide, including iGaming platform solutions, consulting, integration, and long-lasting operation services. â€”	Developing, testing, and supporting features; â€”	Creating and maintaining automated unit tests and functional tests; â€”	Seeking, giving, and receiving critical feedback inÂ aÂ constructive manner, including but not limited toÂ code reviews; â€”	Engaging inÂ engineering on-call escalated support ofÂ services owned byÂ the team; â€”	Working with product management toÂ get requirements and drive technical feedback onÂ complexity/approaches. â€”	1.5+ years ofÂ proven experience writing high-quality code using Python; â€”	AnÂ understanding ofÂ design for scalability, performance, and reliability; â€”	Strong Computer Science fundamentals inÂ object-oriented design, data structures, algorithm design, problem-solving, and complexity analysis; â€”	Ability and willingness toÂ learn about new technologies; â€”	Self-motivated and proactive, able toÂ take ownership and deliver results; â€”	Personal drive toÂ get things finished; â€”	Fundamental understanding ofÂ Kubernetes and Helm; â€”	Experience inÂ writing, and improving complex SQLÂ queries; â€”	Base knowledge ofÂ Airflow; â€”	Good knowledge ofÂ PostgreSQLÂ or other databases.  â€”	Experience with AWS; â€”	Data Science experience; â€”	CI/CD pipeline experience; â€”	Base knowledge ofÂ Spark; â€”	Fundamental understanding ofÂ Flink; â€”	Experience with Kafka; â€”	Hands-on experience with infrastructure provisioning and configuration using Infrastructure asÂ Code (IaC) principles; â€”	Experience with Go. â€”	Sports compensation; â€”	Medical coverage; â€”	Psychological support; â€”	Home-office coverage.  â€”	Remote work, Coworking compensation; â€”	Childcare budget; â€”	Maternity leave; â€”	Paternity leave; â€”	Additional 2Â days for family events.  â€”	Open feedback and transparent direct communications; â€”	Growth and development: better every day; â€”	High tolerance toÂ experiment and mistakes; â€”	Supportive friendly environment."
Nova Digital,Middle Python Data Science," ĞšĞ¸Ñ—Ğ², Ğ²Ñ–Ğ´Ğ´Ğ°Ğ»ĞµĞ½Ğ¾","ĞĞ²Ñ‚Ğ¾Ğ¼Ğ°Ñ‚Ğ¸Ğ·Ğ¾Ğ²ÑƒĞ²Ğ°Ñ‚Ğ¸ Ğ½Ğ°ÑĞ²Ğ½Ñ– Ğ¿Ñ€Ğ¾Ğ³Ğ½Ğ¾Ğ·Ğ¸ Ñ‚Ğ°Â Ğ·Ğ²Ñ–Ñ‚Ğ¸ Ğ´Ğ»Ñ ĞšĞ¾Ğ¼Ğ¿Ğ°Ğ½Ñ–Ñ— Ğ·Ğ³Ñ–Ğ´Ğ½Ğ¾ Ğ±Ñ–Ğ·Ğ½ĞµÑ Ğ²Ğ¸Ğ¼Ğ¾Ğ³ Ğ²Ğ½ÑƒÑ‚Ñ€Ñ–ÑˆĞ½Ñ–Ñ… Ğ·Ğ°Ğ¼Ğ¾Ğ²Ğ½Ğ¸ĞºÑ–Ğ² Ğ Ğ¾Ğ·Ñ€Ğ¾Ğ±Ğ»ÑÑ‚Ğ¸ Ğ½Ğ¾Ğ²Ñ– Ğ°Ğ»Ğ³Ğ¾Ñ€Ğ¸Ñ‚Ğ¼Ğ¸ Ğ´Ğ»Ñ Ñ€Ñ–ÑˆĞµĞ½Ğ½Ñ Ğ·Ğ°Ğ´Ğ°Ñ‡ ĞŸÑ–Ğ´Ñ‚Ñ€Ğ¸Ğ¼ÑƒĞ²Ğ°Ñ‚Ğ¸ Ñ‚Ğ°Â ÑƒĞ´Ğ¾ÑĞºĞ¾Ğ½Ğ°Ğ»ÑĞ²Ğ°Ñ‚Ğ¸ Ğ½Ğ°ÑĞ²Ğ½Ñ– Ñ€Ñ–ÑˆĞµĞ½Ğ½Ñ Ğ´Ğ»Ñ Ğ±Ñ–Ğ·Ğ½ĞµÑ Ğ·Ğ°Ğ¼Ğ¾Ğ²Ğ½Ğ¸ĞºÑ–Ğ² Ğ”Ğ¾ÑĞ²Ñ–Ğ´ Ñ€Ğ¾Ğ·Ñ€Ğ¾Ğ±ĞºĞ¸ Ğ·Â Python Ğ²Ñ–Ğ´  2-Ñ…  Ñ€Ğ¾ĞºÑ–Ğ² Ğ”Ğ¾ÑĞ²Ñ–Ğ´ Ñ€Ğ¾Ğ±Ğ¾Ñ‚Ğ¸ Ğ·Â Ğ±Ğ°Ğ·Ğ°Ğ¼Ğ¸ Ğ´Ğ°Ğ½Ğ¸Ñ… (PostgreSQL, SQLÂ Server) Ğ’Ğ¿ĞµĞ²Ğ½ĞµĞ½Ğµ Ğ²Ğ¾Ğ»Ğ¾Ğ´Ñ–Ğ½Ğ½Ñ Ğ¼Ğ°Ñ‚ĞµĞ¼Ğ°Ñ‚Ğ¸Ñ‡Ğ½Ğ¸Ğ¼ Ğ°Ğ¿Ğ°Ñ€Ğ°Ñ‚Ğ¾Ğ¼ Ğ´Ğ»Ñ Python: numpy, scipy, pandas, statsmodels Ñ‚Ğ°Â Ñ–Ğ½ÑˆĞµ Ğ”Ğ¾ÑĞ²Ñ–Ğ´ Ñ€Ğ¾Ğ±Ğ¾Ñ‚Ğ¸ Ğ·Â Machine Learning, Ğ·Ğ¾ĞºÑ€ĞµĞ¼Ğ° Ğ·Â Ñ‡Ğ°ÑĞ¾Ğ²Ğ¸Ğ¼Ğ¸ Ñ€ÑĞ´Ğ°Ğ¼Ğ¸ Ğ Ñ–Ğ²ĞµĞ½ÑŒ Ğ²Ğ¾Ğ»Ğ¾Ğ´Ñ–Ğ½Ğ½Ñ Ğ°Ğ½Ğ³Ğ»Ñ–Ğ¹ÑÑŒĞºĞ¾Ñ— Ğ¼Ğ¾Ğ²Ğ¸ Ğ’1 ĞÑ„Ñ–Ñ†Ñ–Ğ¹Ğ½Ğµ Ğ¿Ñ€Ğ°Ñ†ĞµĞ²Ğ»Ğ°ÑˆÑ‚ÑƒĞ²Ğ°Ğ½Ğ½Ñ ĞĞ¿Ğ»Ğ°Ñ‡ÑƒĞ²Ğ°Ğ½Ñƒ Ğ²Ñ–Ğ´Ğ¿ÑƒÑÑ‚ĞºÑƒ  ĞœĞµĞ´Ğ¸Ñ‡Ğ½Ğµ ÑÑ‚Ñ€Ğ°Ñ…ÑƒĞ²Ğ°Ğ½Ğ½Ñ ĞĞµĞ¾Ğ±Ñ…Ñ–Ğ´Ğ½Ñƒ Ñ‚ĞµÑ…Ğ½Ñ–ĞºÑƒ Ğ´Ğ»Ñ Ñ€Ğ¾Ğ±Ğ¾Ñ‚Ğ¸ ĞšĞ¾Ñ€Ğ¿Ğ¾Ñ€Ğ°Ñ‚Ğ¸Ğ²Ğ½Ñƒ ĞºÑƒĞ»ÑŒÑ‚ÑƒÑ€Ñƒ, ÑĞºĞ° Ğ¼Ğ¾Ñ‚Ğ¸Ğ²ÑƒÑ” Ñ‚Ğ°Â Ğ·Ğ°Ñ€ÑĞ´Ğ¶Ğ°Ñ” Ğ¿Ğ¾Ğ·Ğ¸Ñ‚Ğ¸Ğ²Ğ¾Ğ¼ Ğ Ğ¾Ğ±Ğ¾Ñ‚Ñƒ Ğ²Â ÑĞ¾Ñ†Ñ–Ğ°Ğ»ÑŒĞ½Ğ¾ Ğ²Ñ–Ğ´Ğ¿Ğ¾Ğ²Ñ–Ğ´Ğ°Ğ»ÑŒĞ½Ñ–Ğ¹ ĞºĞ¾Ğ¼Ğ¿Ğ°Ğ½Ñ–Ñ—, Ñ‰Ğ¾Â ÑĞ»Ñ–Ğ´ĞºÑƒÑ” Ğ·Ğ°Â Ñ‚Ñ€ĞµĞ½Ğ´Ğ°Ğ¼Ğ¸, Ñ†Ñ–Ğ½ÑƒÑ” Ñ–Ğ´ĞµÑ— ÑĞ¿Ñ–Ğ²Ñ€Ğ¾Ğ±Ñ–Ñ‚Ğ½Ğ¸ĞºÑ–Ğ² Ñ–Â Ñ€Ğ¾Ğ·Ğ²Ğ¸Ğ²Ğ°Ñ”Ñ‚ÑŒÑÑ Ñ€Ğ°Ğ·Ğ¾Ğ¼ Ğ·Â Ğ½Ğ¸Ğ¼ ĞœĞ¾Ğ¶Ğ»Ğ¸Ğ²Ñ–ÑÑ‚ÑŒ Ğ±ĞµĞ·Ğ¿Ğ¾ÑĞµÑ€ĞµĞ´Ğ½ÑŒĞ¾ Ğ²Ğ¿Ğ»Ğ¸Ğ²Ğ°Ñ‚Ğ¸ Ğ½Ğ°Â ÑÑ‚Ğ²Ğ¾Ñ€ĞµĞ½Ğ½Ñ Ğ¿Ñ€Ğ¾Ğ´ÑƒĞºÑ‚Ñƒ, ÑĞºĞ¸Ğ¼ ĞºĞ¾Ñ€Ğ¸ÑÑ‚ÑƒÑÑ‚ÑŒÑÑ Ğ¼Ñ–Ğ»ÑŒĞ¹Ğ¾Ğ½Ğ¸ ĞºĞ¾Ñ€Ğ¸ÑÑ‚ÑƒĞ²Ğ°Ñ‡Ñ–Ğ² ĞœĞ¾Ğ¶Ğ»Ğ¸Ğ²Ñ–ÑÑ‚ÑŒ Ñ€Ğ¾Ğ±Ğ¾Ñ‚Ğ¸ Ğ²Ñ–Ğ´Ğ´Ğ°Ğ»ĞµĞ½Ğ¾ Ğ°Ğ±Ğ¾ ÑƒÂ ÑÑƒÑ‡Ğ°ÑĞ½Ğ¾Ğ¼Ñƒ Ğ¾Ñ„Ñ–ÑÑ–, Ğ·Ğ°Â Ğ±Ğ°Ğ¶Ğ°Ğ½Ğ½ÑĞ¼ "
Deloitte,Middle Python Developer (Ukraine location only)," ĞšĞ¸Ñ—Ğ², Ğ²Ñ–Ğ´Ğ´Ğ°Ğ»ĞµĞ½Ğ¾","Develop, modify, and maintain complex web applications. Design, implement, and optimize RESTful APIs using FastAPIÂ or Flask. Work closely with cross-functional teams toÂ ensure reliable application performance. Manage and optimize relational databases, including PostgreSQL, and MongoDB for efficient data management. Implement data validation and serialization with Pydantic. Develop CI/CD pipelines and ensure smooth deployment processes. Perform unit and integration testing toÂ maintain high code quality. 2+Â years ofÂ experience inÂ backend development using Python (version 3.9+). Proficiency inÂ FastAPIÂ or Flask. Experience with Pydantic for data validation. Strong knowledge ofÂ SQL and ORM tools such asÂ SQLAlchemy. Experience with relational databases (PostgreSQL) and MongoDB. Familiarity with Redis for caching solutions. Solid understanding ofÂ version control, specifically Git. Familiarity with Docker and containerized applications. Knowledge ofÂ best practices inÂ software development and code quality. Experience with Celery for task queuing. Familiarity with AsyncIO for asynchronous programming. Knowledge ofÂ Kubernetes for container orchestration. Experience with cloud platforms such asÂ AWS orÂ Azure. Familiarity with RabbitMQ for messaging. "
Droppity,Middle to Senior Python Developer for IoT Controller Project," Ğ·Ğ° ĞºĞ¾Ñ€Ğ´Ğ¾Ğ½Ğ¾Ğ¼, Ğ²Ñ–Ğ´Ğ´Ğ°Ğ»ĞµĞ½Ğ¾","Design, develop, and maintain robust backend systems using Django for IoT control and monitoring Implement and optimize RESTful APIs and WebSocket communication for real-time data handling Integrate MQTT protocols toÂ support seamless communication with IoT devices Develop secure authentication and authorization layers using OAuth2 and JWT for data protection and access control Collaborate with frontend developers toÂ ensure seamless data flow andÂ UI integration Work with embedded engineers toÂ manage data communication and control between the backend and IoT devices Optimize code for performance, scalability, and security Debug, test, and troubleshoot toÂ ensure system reliability and accuracy Proven experience inÂ backend development with Python, particularly with Django Strong understanding ofÂ RESTful APIÂ design, WebSocket, and MQTT for real-time communication Experience implementing authentication with OAuth2 and token-based authorization using JWT Experience with databases (PostgreSQL, MySQL) and ORM frameworks Familiarity with Docker, Git, and CI/CD pipelines Knowledge ofÂ data serialization formats (e.g., JSON, XML) and handling real-time data Experience with IoT platforms, protocols, orÂ data handling Familiarity with embedded systems orÂ devices, including data flow between IoT devices and backend systems Knowledge ofÂ data visualization tools orÂ libraries Experience with cloud platforms (e.g., AWS, Azure) and deployment "
Uvik Software,Full Stack Developer (Python/React)," Ğ·Ğ° ĞºĞ¾Ñ€Ğ´Ğ¾Ğ½Ğ¾Ğ¼, Ğ²Ñ–Ğ´Ğ´Ğ°Ğ»ĞµĞ½Ğ¾","Practical experience with  Python  and aÂ framework like  FastAPI ,  Flask , orÂ  Django . Proficiency inÂ  ReactJS  for building interactive user interfaces. Basic knowledge ofÂ  TypeScript  and how itÂ integrates with  ReactJS . Strong debugging skills and anÂ understanding ofÂ both  frontend  and  backend  development. Exposure toÂ  SQL/NoSQL databases  and anÂ understanding ofÂ how toÂ interact with them. Familiarity with  cloud platforms  such asÂ  AWS ,  GCP , orÂ  Azure  isÂ anÂ advantage. Understanding ofÂ  Docker  (and optionally  Kubernetes ) isÂ aÂ bonus.   Assist inÂ the development ofÂ both  frontend  components using  ReactJS  and  backend  features inÂ  Python . Collaborate closely with the team toÂ design and maintain  RESTful APIs  and  microservices . Contribute toÂ the creation ofÂ efficient and scalable backend systems that support smooth frontend functionality. Continuously expand your knowledge ofÂ best practices inÂ  full-stack development  and contribute toÂ improving the development process. Participate inÂ the documentation ofÂ application changes and contribute toÂ regular updates and optimizations.   "
Nova Digital,Middle Python Database Developer Cloud," ĞšĞ¸Ñ—Ğ², Ğ²Ñ–Ğ´Ğ´Ğ°Ğ»ĞµĞ½Ğ¾","Ğ¡Ñ‚Ğ²Ğ¾Ñ€ĞµĞ½Ğ½Ñ Ñ‚Ğ°Â Ğ¾Ğ¿Ñ‚Ğ¸Ğ¼Ñ–Ğ·Ğ°Ñ†Ñ–Ñ ETL-Ğ²Ğ¾Ñ€ĞºÑ„Ğ»Ğ¾Ñƒ, Ğ¿Ñ€Ğ¾ĞµĞºÑ‚ÑƒĞ²Ğ°Ğ½Ğ½Ñ Ñ‚Ğ°Â Ğ¾Ğ¿Ñ‚Ğ¸Ğ¼Ñ–Ğ·Ğ°Ñ†Ñ–Ñ Ğ°Ñ€Ñ…Ñ–Ñ‚ĞµĞºÑ‚ÑƒÑ€Ğ¸ Ğ±Ğ°Ğ· Ğ´Ğ°Ğ½Ğ¸Ñ… ĞĞ°Ğ¿Ğ¸ÑĞ°Ğ½Ğ½Ñ ETL Ğ¿Ñ€Ğ¾Ñ†ĞµĞ´ÑƒÑ€ Ñ‚Ğ°Â Ğ¿Ñ–Ğ´Ğ²Ğ¸Ñ‰ĞµĞ½Ğ½Ñ ĞµÑ„ĞµĞºÑ‚Ğ¸Ğ²Ğ½Ğ¾ÑÑ‚Ñ– Ğ½Ğ°ÑĞ²Ğ½Ğ¸Ñ… ETLÂ Ğ¿Ñ€Ğ¾Ñ†ĞµÑÑ–Ğ², Ğ·Ğ°Ğ±ĞµĞ·Ğ¿ĞµÑ‡ĞµĞ½Ğ½Ñ Ğ±ĞµĞ·Ğ¿ĞµÑ€ĞµĞ±Ñ–Ğ¹Ğ½Ğ¾Ğ³Ğ¾ Ğ¿Ğ¾Ñ‚Ğ¾ĞºÑƒ Ğ²ĞµĞ»Ğ¸ĞºĞ¸Ñ… Ğ¼Ğ°ÑĞ¸Ğ²Ñ–Ğ² Ğ´Ğ°Ğ½Ğ¸Ñ… ĞŸÑ€Ğ¾ĞµĞºÑ‚ÑƒĞ²Ğ°Ğ½Ğ½Ñ Ñ‚Ğ°Â Ñ€Ğ¾Ğ·Ñ€Ğ¾Ğ±ĞºĞ° Ğ·Ğ²Ñ–Ñ‚Ñ–Ğ², Ğ´Ğ°ÑˆĞ±Ğ¾Ñ€Ğ´Ñ–Ğ² Ñ‚Ğ°Â Ñ–Ğ½Ñ„Ğ¾Ñ€Ğ¼Ğ°Ñ†Ñ–Ğ¹Ğ½Ğ¸Ñ… Ğ°ĞºÑ‚Ğ¸Ğ²Ñ–Ğ² Ğ²Ñ–Ğ´Ğ¿Ğ¾Ğ²Ñ–Ğ´Ğ½Ğ¾ Ğ´Ğ¾Â Ğ²Ğ¸Ğ¼Ğ¾Ğ³ Ğ·Ğ°Ğ¼Ğ¾Ğ²Ğ½Ğ¸ĞºÑ–Ğ². Ğ ĞµĞ°Ğ»Ñ–Ğ·Ğ°Ñ†Ñ–Ñ Ğ»Ğ¾Ğ³Ñ–ĞºĞ¸ Ñ€Ğ¾Ğ·Ñ€Ğ°Ñ…ÑƒĞ½ĞºÑ–Ğ², Ñ„Ğ¾Ñ€Ğ¼ÑƒĞ²Ğ°Ğ½Ğ½Ñ Ğ²Ñ–Ñ‚Ñ€Ğ¸Ğ½ Ğ´Ğ°Ğ½Ğ¸Ñ… Ğ¡Ñ‚Ğ²Ğ¾Ñ€ĞµĞ½Ğ½Ñ Ğ¿Ñ–Ğ´Ğ¿Ğ¸ÑĞ¾Ğº, Ğ·Ğ²Ñ–Ñ‚Ñ–Ğ² Ñ‚Ğ°Â Ğ°Ğ½Ğ°Ğ»Ñ–Ñ‚Ğ¸Ñ‡Ğ½Ğ¸Ñ… Ğ´Ğ°ÑˆĞ±Ğ¾Ñ€Ğ´Ñ–Ğ², Ğ¿Ñ–Ğ´Ñ‚Ñ€Ğ¸Ğ¼ĞºĞ° Ñ‚Ğ°Â ÑƒĞ´Ğ¾ÑĞºĞ¾Ğ½Ğ°Ğ»ĞµĞ½Ğ½Ñ Ñ–ÑĞ½ÑƒÑÑ‡Ğ¸Ñ… Ğ°ĞºÑ‚Ğ¸Ğ²Ñ–Ğ² Ğ¡Ğ¿Ñ–Ğ²Ğ¿Ñ€Ğ°Ñ†Ñ Ğ·Â ĞºĞ¾Ğ¼Ğ°Ğ½Ğ´Ğ°Ğ¼Ğ¸ Ñ€Ğ¾Ğ·Ñ€Ğ¾Ğ±Ğ½Ğ¸ĞºÑ–Ğ², Ğ°Ğ½Ğ°Ğ»Ñ–Ñ‚Ğ¸ĞºÑ–Ğ² Ñ‚Ğ°Â Ğ±Ñ–Ğ·Ğ½ĞµÑ-ĞºĞ¾Ñ€Ğ¸ÑÑ‚ÑƒĞ²Ğ°Ñ‡Ñ–Ğ² Ğ´Ğ»Ñ Ñ€Ğ¾Ğ·Ñ€Ğ¾Ğ±ĞºĞ¸ Ñ‚Ğ°Â Ğ²Ğ¿Ñ€Ğ¾Ğ²Ğ°Ğ´Ğ¶ĞµĞ½Ğ½Ñ Ñ€Ñ–ÑˆĞµĞ½ÑŒ Ğ½Ğ°Â Ğ¾ÑĞ½Ğ¾Ğ²Ñ– Ğ´Ğ°Ğ½Ğ¸Ñ… Ğ”Ğ¾ÑĞ²Ñ–Ğ´ Ñ€Ğ¾Ğ±Ğ¾Ñ‚Ğ¸ Ğ·Â Python 3+Â Ğ² ÑĞºĞ¾ÑÑ‚Ñ– Ñ€Ğ¾Ğ·Ñ€Ğ¾Ğ±Ğ½Ğ¸ĞºĞ° Ğ²Ñ–Ğ´ 2Â Ñ€Ğ¾ĞºÑ–Ğ², Ğ·Ğ½Ğ°Ğ½Ğ½Ñ Ğ±Ñ–Ğ±Ğ»Ñ–Ğ¾Ñ‚ĞµĞº NumPy Ñ‚Ğ°Â Pandas, Ğ½Ğ°Ğ¿Ğ¸ÑĞ°Ğ½Ğ½Ñ Ñ‡Ğ¸ÑÑ‚Ğ¸Ñ… Ñ‚Ğ°Â Ñ‡Ğ¸Ñ‚Ğ°Ğ±ĞµĞ»ÑŒĞ½Ğ¸Ñ… ÑĞºÑ€Ğ¸Ğ¿Ñ‚Ñ–Ğ² Ğ’Ğ¿ĞµĞ²Ğ½ĞµĞ½Ñ– Ğ·Ğ½Ğ°Ğ½Ğ½Ñ SQL. ĞĞ°Ğ¿Ğ¸ÑĞ°Ğ½Ğ½Ñ Ğ½Ğ°Â Ğ¿Ğ¾ÑÑ‚Ñ–Ğ¹Ğ½Ñ–Ğ¹ Ğ¾ÑĞ½Ğ¾Ğ²Ñ– functions, store procedures, triggers, views, calculations, ctes, recs Ğ Ğ¾Ğ±Ğ¾Ñ‚Ğ° Ğ·Â cloud-based: Google BigQuery, Amazon Redshift ÑĞµÑ€ĞµĞ´Ğ¾Ğ²Ğ¸Ñ‰Ğ°Ğ¼Ğ¸ Ğ”Ğ¾ÑĞ²Ñ–Ğ´ Ñ€Ğ¾Ğ±Ğ¾Ñ‚Ğ¸ Ğ·Â Ğ²Ğ¸ÑĞ¾ĞºĞ¾Ğ½Ğ°Ğ²Ğ°Ğ½Ñ‚Ğ°Ğ¶ĞµĞ½Ğ¸Ğ¼Ğ¸ Ñ‚Ğ°Â Ğ½Ğ°Ğ´Ğ²ĞµĞ»Ğ¸ĞºĞ¸Ğ¼Ğ¸ Ğ±Ğ°Ğ·Ğ°Ğ¼Ğ¸ Ğ´Ğ°Ğ½Ğ¸Ñ… (Ğ²Ñ–Ğ´ 5-10Ñ‚Ğ±) Ğ’Ğ¼Ñ–Ğ½Ğ½Ñ ÑˆĞ²Ğ¸Ğ´ĞºĞ¾ Ñ€Ğ¾Ğ·Ğ±Ğ¸Ñ€Ğ°Ñ‚Ğ¸ÑÑ Ğ²Â ĞºĞ¾Ğ´Ñ– Ğ±ĞµĞ· Ñ€Ğ¾Ğ·ÑƒĞ¼Ñ–Ğ½Ğ½Ñ Ğ±Ñ–Ğ·Ğ½ĞµÑ Ğ¿Ñ€Ğ¾Ñ†ĞµÑÑƒ Ğ Ñ–Ğ²ĞµĞ½ÑŒ Ğ²Ğ¾Ğ»Ğ¾Ğ´Ñ–Ğ½Ğ½Ñ Ğ°Ğ½Ğ³Ğ»Ñ–Ğ¹ÑÑŒĞºĞ¾Ñ— Ğ¼Ğ¾Ğ²Ğ¸ Ğ’1 ĞŸÑ€Ğ¾Ñ„ĞµÑÑ–Ğ¹Ğ½Ğ¸Ğ¹ Ğ´Ğ¾ÑĞ²Ñ–Ğ´ Ñ€Ğ¾Ğ±Ğ¾Ñ‚Ğ¸ Ğ·Â ÑÑƒÑ‡Ğ°ÑĞ½Ğ¸Ğ¼Ğ¸ Ğ°Ğ½Ğ°Ğ»Ñ–Ñ‚Ğ¸Ñ‡Ğ½Ğ¸Ğ¼Ğ¸ Ğ¡Ğ£Ğ‘Ğ”, Ğ±Ğ°Ğ¶Ğ°Ğ½Ğ¾ PostgreSQL, Ğ²Â ÑĞºĞ¾ÑÑ‚Ñ– Ñ€Ğ¾Ğ·Ñ€Ğ¾Ğ±Ğ½Ğ¸ĞºĞ°  Ğ—Ğ½Ğ°Ğ½Ğ½Ñ Ñ‡Ğ¸Â Ñ–Ğ½Ñ‚ĞµÑ€ĞµÑ Ğ´Ğ¾Â data engineering, Big Data/Data Analytics (Tableau/Power BI, Google Cloud) ĞÑ„Ñ–Ñ†Ñ–Ğ¹Ğ½Ğµ Ğ¿Ñ€Ğ°Ñ†ĞµĞ²Ğ»Ğ°ÑˆÑ‚ÑƒĞ²Ğ°Ğ½Ğ½Ñ ĞĞ¿Ğ»Ğ°Ñ‡ÑƒĞ²Ğ°Ğ½Ñƒ Ğ²Ñ–Ğ´Ğ¿ÑƒÑÑ‚ĞºÑƒ Ñ‚Ğ°Â Ğ»Ñ–ĞºĞ°Ñ€Ğ½ÑĞ½Ñ– ĞœĞµĞ´Ğ¸Ñ‡Ğ½Ğµ ÑÑ‚Ñ€Ğ°Ñ…ÑƒĞ²Ğ°Ğ½Ğ½Ñ ĞĞµĞ¾Ğ±Ñ…Ñ–Ğ´Ğ½Ñƒ Ñ‚ĞµÑ…Ğ½Ñ–ĞºÑƒ Ğ´Ğ»Ñ Ñ€Ğ¾Ğ±Ğ¾Ñ‚Ğ¸ ĞšĞ¾Ñ€Ğ¿Ğ¾Ñ€Ğ°Ñ‚Ğ¸Ğ²Ğ½Ñƒ ĞºÑƒĞ»ÑŒÑ‚ÑƒÑ€Ñƒ, ÑĞºĞ° Ğ¼Ğ¾Ñ‚Ğ¸Ğ²ÑƒÑ” Ñ‚Ğ°Â Ğ·Ğ°Ñ€ÑĞ´Ğ¶Ğ°Ñ” Ğ¿Ğ¾Ğ·Ğ¸Ñ‚Ğ¸Ğ²Ğ¾Ğ¼ Ğ Ğ¾Ğ±Ğ¾Ñ‚Ñƒ Ğ²Â ÑĞ¾Ñ†Ñ–Ğ°Ğ»ÑŒĞ½Ğ¾ Ğ²Ñ–Ğ´Ğ¿Ğ¾Ğ²Ñ–Ğ´Ğ°Ğ»ÑŒĞ½Ñ–Ğ¹ ĞºĞ¾Ğ¼Ğ¿Ğ°Ğ½Ñ–Ñ—, Ñ‰Ğ¾Â ÑĞ»Ñ–Ğ´ĞºÑƒÑ” Ğ·Ğ°Â Ñ‚Ñ€ĞµĞ½Ğ´Ğ°Ğ¼Ğ¸, Ñ†Ñ–Ğ½ÑƒÑ” Ñ–Ğ´ĞµÑ— ÑĞ¿Ñ–Ğ²Ñ€Ğ¾Ğ±Ñ–Ñ‚Ğ½Ğ¸ĞºÑ–Ğ² Ñ–Â Ñ€Ğ¾Ğ·Ğ²Ğ¸Ğ²Ğ°Ñ”Ñ‚ÑŒÑÑ Ñ€Ğ°Ğ·Ğ¾Ğ¼ Ğ·Â Ğ½Ğ¸Ğ¼ "
MHP,Full-stack Ñ€Ğ¾Ğ·Ñ€Ğ¾Ğ±Ğ½Ğ¸Ğº ( Python)," ĞšĞ¸Ñ—Ğ², Ğ²Ñ–Ğ´Ğ´Ğ°Ğ»ĞµĞ½Ğ¾","Ğ’Ñ–Ğ´Ğ¿Ğ¾Ğ²Ñ–Ğ´Ğ°Ñ‚Ğ¸ Ğ·Ğ°Â Ğ¿Ñ€Ğ¾Ğ³Ñ€Ğ°Ğ¼Ğ½Ğ¸Ğ¹ ÑÑƒĞ¿Ñ€Ğ¾Ğ²Ñ–Ğ´ Ğ±Ñ–Ğ·Ğ½ĞµÑ Ğ´Ğ¾Ğ´Ğ°Ñ‚ĞºÑ–Ğ² Ğ’Ñ–Ğ´Ğ¿Ğ¾Ğ²Ñ–Ğ´Ğ°Ñ‚Ğ¸ Ğ·Ğ°Â Ñ‚ĞµÑÑ‚ÑƒĞ²Ğ°Ğ½Ğ½Ñ Ñ€Ğ¾Ğ·Ñ€Ğ¾Ğ±Ğ»ĞµĞ½Ğ¸Ñ… Ñ€Ñ–ÑˆĞµĞ½ÑŒ Ğ´Ğ¾Â Ğ¿ĞµÑ€ĞµĞ´Ğ°Ñ‡Ñ– QA ĞšĞ¾Ğ½Ñ‚Ñ€Ğ¾Ğ»ÑĞ²Ğ°Ñ‚Ğ¸ Ñ€Ğ¾Ğ·Ñ€Ğ¾Ğ±ĞºÑƒ Ñ‚Ğ°Â Ğ²Ğ½ĞµÑĞµĞ½Ğ½Ñ Ğ·Ğ¼Ñ–Ğ½ Ğ²Â Ñ–ÑĞ½ÑƒÑÑ‡Ğµ Ğ¿Ñ€Ğ¾Ğ³Ñ€Ğ°Ğ¼Ğ½Ğµ Ğ·Ğ°Ğ±ĞµĞ·Ğ¿ĞµÑ‡ĞµĞ½Ğ½Ñ Ğ’Ñ–Ğ´Ğ¿Ğ¾Ğ²Ñ–Ğ´Ğ°Ñ‚Ğ¸ Ğ·Ğ°Â Ğ¾Ğ½Ğ¾Ğ²Ğ»ĞµĞ½Ğ½Ñ Ğ¿Ñ€Ğ¾Ğ³Ñ€Ğ°Ğ¼Ğ½Ğ¾Ğ³Ğ¾ Ğ·Ğ°Ğ±ĞµĞ·Ğ¿ĞµÑ‡ĞµĞ½Ğ½Ñ Ğ½Ğ°Â Ğ¿Ñ€Ğ¾Ğ´ÑƒĞºÑ‚Ğ¾Ğ²Ğ¾Ğ¼Ñƒ ÑĞµÑ€ĞµĞ´Ğ¾Ğ²Ğ¸Ñ‰Ñ– (CI) ĞŸĞµÑ€ĞµĞ²Ñ–Ñ€ÑÑ‚Ğ¸ Ğ½Ğ°Ğ»Ğ°ÑˆÑ‚ÑƒĞ²Ğ°Ğ½Ğ½Ñ lint (ÑĞºÑ–ÑÑ‚ÑŒ Ğ½Ğ°Ğ¿Ğ¸ÑĞ°Ğ½Ğ½Ñ ĞºĞ¾Ğ´Ñƒ Ğ²Ñ–Ğ´Ğ¿Ğ¾Ğ²Ñ–Ğ´Ğ½Ğ¾ Ğ¿Ñ€Ğ°Ğ²Ğ¸Ğ») Ğ’Ñ–Ğ´Ğ¿Ğ¾Ğ²Ñ–Ğ´Ğ°Ñ‚Ğ¸ Ğ·Ğ°Â ÑÑ‚Ğ²Ğ¾Ñ€ĞµĞ½Ğ½Ñ Ğ±Ğ»Ğ¾Ğº-ÑÑ…ĞµĞ¼ Ğ¼Ğ¾Ğ´ÑƒĞ»Ñ–Ğ² Ñ€Ğ¾Ğ±Ğ¾Ñ‚Ğ¸ Ğ´Ğ¾Ğ´Ğ°Ñ‚ĞºÑ–Ğ² Ğ’Ñ–Ğ´Ğ¿Ğ¾Ğ²Ñ–Ğ´Ğ°Ñ‚Ğ¸ Ğ·Ğ°Â ÑÑ‚Ğ²Ğ¾Ñ€ĞµĞ½Ğ½Ñ ÑÑ…ĞµĞ¼ Ğ±Ğ°Ğ· Ğ´Ğ°Ğ½Ğ¸Ñ… ĞĞ°Ğ¿Ğ¸ÑĞ°Ğ½Ğ½Ñ Ñ‡Ğ¸ÑÑ‚Ğ¾Ğ³Ğ¾, Ğ¼Ğ°ÑÑˆÑ‚Ğ°Ğ±Ğ¾Ğ²Ğ°Ğ½Ğ¾Ğ³Ğ¾ Ñ‚Ğ°Â Ğ´Ğ¾Ğ±Ñ€Ğµ Ğ·Ğ°Ğ´Ğ¾ĞºÑƒĞ¼ĞµĞ½Ñ‚Ğ¾Ğ²Ğ°Ğ½Ğ¾Ğ³Ğ¾ ĞºĞ¾Ğ´Ñƒ Ğ—Ğ°Ğ±ĞµĞ·Ğ¿ĞµÑ‡ĞµĞ½Ğ½Ñ Ğ¿Ñ€Ğ¾Ğ´ÑƒĞºÑ‚Ğ¸Ğ²Ğ½Ğ¾ÑÑ‚Ñ–, ÑĞºĞ¾ÑÑ‚Ñ– Ñ‚Ğ°Â ÑˆĞ²Ğ¸Ğ´ĞºĞ¾Ğ´Ñ–Ñ— Ğ´Ğ¾Ğ´Ğ°Ñ‚ĞºÑ–Ğ² ĞœĞ°Ñ”Ñˆ Ğ°Ğ½Ğ°Ğ»Ğ¾Ğ³Ñ–Ñ‡Ğ½Ğ¸Ğ¹ Ğ´Ğ¾ÑĞ²Ñ–Ğ´ Ñ€Ğ¾Ğ±Ğ¾Ñ‚Ğ¸ Ğ²Ñ–Ğ´ 2Â Ñ€Ğ¾ĞºÑ–Ğ² Ğ”Ğ¾ÑĞ²Ñ–Ğ´ Back-end: ĞÑĞ½Ğ¾Ğ²Ğ½Ğ¸Ğ¹ Python (FastAPI, Django)Â â€” REST, gRPC Ğ‘ÑƒĞ»Ğ¾Â Ğ± Ğ¿Ğ»ÑÑĞ¾Ğ¼ NodeJS (NestJS) Front-end: Vue3 ecosystem Ğ‘Ğ°Ğ·Ğ¸ Ğ´Ğ°Ğ½Ğ¸Ñ…: MongoDB, PostgreSQL, MSÂ SQL Azure Services: BlobStorage, KeyVault, Entra (Azure AD) MQ: Kafka/RabbitMQ/Azure ServiceBus Ğ”Ğ¾ÑĞ²Ñ–Ğ´ Ñ€Ğ¾Ğ·Ñ€Ğ¾Ğ±ĞºĞ¸ Ñ‚Ğ°Â Ğ½Ğ°Ğ¿Ğ¸ÑĞ°Ğ½Ğ½Ñ Ñ‡Ğ°Ñ‚-Ğ±Ğ¾Ñ‚Ñ–Ğ² Telegram, Viber Ğ”Ğ¾ÑĞ²Ñ–Ğ´ Ñ€Ğ¾Ğ±Ğ¾Ñ‚Ğ¸ Ğ·Â Azure DevOpsÂ â€” Ğ±ÑƒĞ»Ğ¾Â Ğ± Ğ¿Ğ»ÑÑĞ¾Ğ¼ Ğ¢Ğ¸Â Ğ·Ğ½Ğ°Ğ¹Ğ´ĞµÑˆ ĞºĞ¾Ğ¼Ğ°Ğ½Ğ´Ñƒ Ğ¾Ğ´Ğ½Ğ¾Ğ´ÑƒĞ¼Ñ†Ñ–Ğ² Ğ¢Ğ¸Â Ğ·Ğ¼Ğ¾Ğ¶ĞµÑˆ Ğ²Ğ´Ğ¾ÑĞºĞ¾Ğ½Ğ°Ğ»ÑĞ²Ğ°Ñ‚Ğ¸ÑÑŒ ĞºĞ¾Ğ¶ĞµĞ½ Ğ´ĞµĞ½ÑŒ ÑƒÂ Ğ½Ğ°ÑˆĞ¾Ğ¼Ñƒ Ğ²Ğ»Ğ°ÑĞ½Ğ¾Ğ¼Ñƒ Ñ†ĞµĞ½Ñ‚Ñ€Ñ– Ñ€Ğ¾Ğ·Ğ²Ğ¸Ñ‚ĞºÑƒ ÑĞ¿Ñ–Ğ²Ñ€Ğ¾Ğ±Ñ–Ñ‚Ğ½Ğ¸ĞºÑ–Ğ² Ğ¢Ğ¸Â Ğ¾Ñ‚Ñ€Ğ¸Ğ¼Ğ°Ñ”Ñˆ Ğ¼Ğ¾Ğ¶Ğ»Ğ¸Ğ²Ñ–ÑÑ‚ÑŒ Ğ´Ğ¾Ñ”Ğ´Ğ½Ğ°Ñ‚Ğ¸ÑÑŒ Ğ´Ğ¾Â ÑƒĞ½Ñ–ĞºĞ°Ğ»ÑŒĞ½Ğ¸Ñ… Ğ¿Ñ€Ğ¾Ñ”ĞºÑ‚Ñ–Ğ², ÑĞºĞ¸Ğ¼ Ğ½ĞµĞ¼Ğ°Ñ” Ğ°Ğ½Ğ°Ğ»Ğ¾Ğ³Ñ–Ğ² Ğ²Â Ğ£ĞºÑ€Ğ°Ñ—Ğ½Ñ– Ğ¢Ğ¸Â Ğ±ÑƒĞ´ĞµÑˆ Ğ¾Ñ‚Ñ€Ğ¸Ğ¼ÑƒĞ²Ğ°Ñ‚Ğ¸ Ğ¾Ñ„Ñ–Ñ†Ñ–Ğ¹Ğ½Ñƒ Ñ‚Ğ°Â ĞºĞ¾Ğ½ĞºÑƒÑ€ĞµĞ½Ñ‚Ğ½Ñƒ Ğ·Ğ°Ñ€Ğ¾Ğ±Ñ–Ñ‚Ğ½Ñƒ Ğ¿Ğ»Ğ°Ñ‚Ñƒ Ğ·Ğ°Â Ğ²ÑÑ–Ğ¼Ğ° Ğ½Ğ¾Ñ€Ğ¼Ğ°Ğ¼Ğ¸ Ğ¢Ñ€ÑƒĞ´Ğ¾Ğ²Ğ¾Ğ³Ğ¾ ĞºĞ¾Ğ´ĞµĞºÑÑƒ Ğ£ĞºÑ€Ğ°Ñ—Ğ½Ğ¸ Ğ¢Ğ¸Â Ğ¼Ğ°Ñ‚Ğ¸Ğ¼ĞµÑˆ Ğ¼Ğ¾Ğ¶Ğ»Ğ¸Ğ²Ñ–ÑÑ‚ÑŒ ĞºĞ¾Ñ€Ğ¸ÑÑ‚ÑƒĞ²Ğ°Ñ‚Ğ¸ÑÑ Ğ¿Ğ¾ÑĞ»ÑƒĞ³Ğ°Ğ¼Ğ¸ ĞºĞ¾Ñ€Ğ¿Ğ¾Ñ€Ğ°Ñ‚Ğ¸Ğ²Ğ½Ğ¾Ğ³Ğ¾ Ğ¿ÑĞ¸Ñ…Ğ¾Ğ»Ğ¾Ğ³Ğ° "
SPD Technology,Software Development Engineer in Test (Python), Ğ·Ğ° ĞºĞ¾Ñ€Ğ´Ğ¾Ğ½Ğ¾Ğ¼,"Develop and enhance frameworks toÂ facilitate automated verification ofÂ algorithms and validation ofÂ results asÂ part ofÂ continuous integration, nightly builds, and release builds Develop, document, and execute manual and automated tests with varying difficulty toÂ verify functionality and quality ofÂ both research and production software Develop and contribute toÂ data synthesis ofÂ reports inÂ dashboards toÂ provide aÂ cohesive, first class data visualization experience Build and optimize innovative solutions that support advanced, modular verification strategies, data analysis,  ML-based  systems and workflows Perform independent execution and completion ofÂ tasks byÂ taking full ownership and byÂ showing strong attention toÂ detail that leads toÂ quality outputs Collaborate with research scientists, bioinformaticians, systems engineers, software developers, and software quality verification engineers toÂ ensure robustness and performance ofÂ built and tested software Bachelor Degree inÂ Computer Science, Math, Physics, Engineering, orÂ related quantitative field Minimum ofÂ 2+Â years ofÂ Python developer proficiency with quantitative analysis experience with packages such asÂ numpy, pandas, scipy, scikitlearn, matplotlib, etc Proficiency inÂ Linux environment (including shell scripting) 1+Â years ofÂ experience with automation frameworks inÂ software testing (e.g. PyTest, Cucumber) Experience and/or technical depth inÂ atÂ least one data science-related field such asÂ Machine Learning, Artificial Intelligence, Statistical &Â Data Analysis, Computational Algorithms, Data Engineering, etc Experience working with aÂ variety ofÂ complex, large datasets Experience building automated pipelines (e.g. Jenkins, Airflow, etc) Experience building orÂ understanding ofÂ end-to-end, distributed and high-performance software infrastructures Proven ability toÂ work collaboratively asÂ part ofÂ aÂ team Proven ability toÂ take ownership with strong attention toÂ detail and with timely quality deliverables Excellent verbal and written communication skills Pre-Screening with the recruiter (upÂ rto  30-45 min.) Technical Interview (upÂ toÂ  1-1.5 hour). Client Interview + Live Coding(up toÂ  1-1,5 hour). Client Test Task "
Stylus,Python Engineer," ĞšĞ¸Ñ—Ğ², Ğ·Ğ° ĞºĞ¾Ñ€Ğ´Ğ¾Ğ½Ğ¾Ğ¼, Ğ²Ñ–Ğ´Ğ´Ğ°Ğ»ĞµĞ½Ğ¾","â€”Â Ğ¼Ğ¸Â   â€”Â Ğ¼Ğ¸Â Ñ–Ğ½Ñ‚ĞµÑ€Ğ½ĞµÑ‚ Ğ¼Ğ°Ğ³Ğ°Ğ·Ğ¸Ğ½ Ğ·Â Ğ½Ğ°Ğ¹ÑˆĞ¸Ñ€ÑˆĞ¸Ğ¼ Ğ°ÑĞ¾Ñ€Ñ‚Ğ¸Ğ¼ĞµĞ½Ñ‚Ğ¾Ğ¼ Ñ‚Ğ¾Ğ²Ğ°Ñ€Ñ–Ğ². Ğ¢Ğ°ĞºĞ¾Ğ¶ Ğ¼Ğ¸Â Ğ¼Ğ°Ñ”Ğ¼Ğ¾ offline Ğ¼Ğ°Ğ³Ğ°Ğ·Ğ¸Ğ½Ğ¸, Ñ‚Ğ¾Ñ‡ĞºĞ¸ Ğ²Ğ¸Ğ´Ğ°Ñ‡Ñ– Ñ‚Ğ°Â ÑĞµÑ€Ğ²Ñ–ÑĞ½Ñ– Ñ†ĞµĞ½Ñ‚Ñ€Ğ¸ ÑƒÂ Ğ±Ğ°Ğ³Ğ°Ñ‚ÑŒĞ¾Ñ… ĞºÑƒÑ‚Ğ¾Ñ‡ĞºĞ°Ñ… Ğ£ĞºÑ€Ğ°Ñ—Ğ½Ğ¸.   â€”Â Ğ¼Ğ¸Â ÑˆÑƒĞºĞ°Ñ”Ğ¼Ğ¾ Ñ‚Ğ°Ğ»Ğ°Ğ½Ğ¾Ğ²Ğ¸Ñ‚Ğ¾Ğ³Ğ¾  .     ğŸ’» Ğ—Â Ğ¿Ğ¾Ñ‚Ğ¾Ñ‡Ğ½Ğ¸Ñ… Ğ·Ğ°Ğ´Ğ°Ñ‡: â€”Â Ñ€Ğ¾Ğ·Ñ€Ğ¾Ğ±ĞºĞ° Ğ½Ğ¾Ğ²Ğ¾Ğ³Ğ¾ Ñ„ÑƒĞ½ĞºÑ†Ñ–Ğ¾Ğ½Ğ°Ğ»Ğ°, Ñ–Ğ½Ñ‚ĞµĞ³Ñ€Ğ°Ñ†Ñ–Ñ Ğ·Ñ–Â ÑÑ‚Ğ¾Ñ€Ğ¾Ğ½Ğ½Ñ–Ğ¼Ğ¸ ÑĞµÑ€Ğ²Ñ–ÑĞ°Ğ¼Ğ¸: Ğ±Ğ°Ğ½ĞºĞ¸, Ñ‚ĞµĞ»ĞµÑ„Ğ¾Ğ½Ñ–Ñ Ñ‚Ğ¾Ñ‰Ğ¾ â€”Â Ğ¿ĞµÑ€ĞµĞ¿Ğ¸ÑÑƒĞ²Ğ°Ğ½Ğ½Ñ ĞºĞ¾Ğ´Ñƒ Ğ·Â Django Ğ½Ğ°Â FastAPI â€”Â Ğ½Ğ¾Ğ²Ñ– Ğ°Ñ€Ñ…Ñ–Ñ‚ĞµĞºÑ€ÑƒÑ‚Ñ€Ğ½Ñ– Ñ€Ñ–ÑˆĞµĞ½Ğ½Ñ: cdn, cache, Ğ¼Ñ–ĞºÑ€Ğ¾ÑĞµÑ€Ğ²Ñ–ÑĞ½Ğ° Ğ°Ñ€Ñ…Ñ–Ñ‚ĞµĞºÑ€ÑƒÑ‚Ğ° Ñ‚Ğ¾Ñ‰Ğ¾     âœ… Back-end: Python, FastAPI, Django, GraphQL, PostgreSQL, MariaDB, Redis, Celery, pytest. âœ… Front-end: React, Typescript, Apollo, Redux. âœ… Infrastructure: Docker, Kubernetes, AWS, Terraform, ArgoCD, GitHub Actions.     â±ï¸ ĞĞµĞ¼Ğ°Ñ” Ğ¼Ñ–ĞºÑ€Ğ¾Ğ¼ĞµĞ½ĞµĞ´Ğ¶Ğ¼ĞµĞ½Ñ‚Ñƒ Ñ‚Ğ°Â Ñ‚Ğ°Ğ¹Ğ¼-Ñ‚Ñ€ĞµĞºĞµÑ€Ñ–Ğ², Ğ´Ğ¾Ğ²Ñ–Ñ€Ğ° Ğ²Â ĞºĞ¾Ğ¼Ğ°Ğ½Ğ´Ñ– Ğ¿ĞµÑ€Ñˆ Ğ·Ğ°Â Ğ²ÑĞµ. ğŸ’¡ ĞšĞ¾Ğ¶ĞµĞ½ Ğ²Â ĞºĞ¾Ğ¼Ğ°Ğ½Ğ´Ñ– Ğ¼Ğ°Ñ” Ğ¼Ğ¾Ğ¶Ğ»Ğ¸Ğ²Ñ–ÑÑ‚ÑŒ Ğ¿Ñ€Ğ¸Ğ¹Ğ¼Ğ°Ñ‚Ğ¸ ĞºĞ»ÑÑ‡Ğ¾Ğ²Ñ– Ğ¿Ñ€Ğ¾Ğ´ÑƒĞºÑ‚Ğ¾Ğ²Ñ– Ğ½Ğ°Â Ñ‚ĞµÑ…Ğ½Ñ–Ñ‡Ğ½Ñ– Ñ€Ñ–ÑˆĞµĞ½Ğ½Ñ. âœ… ĞœĞ°Ñ”Ğ¼Ğ¾ ÑÑ‚Ğ¸Ğ»ÑŒ ĞºĞ¾Ğ´ÑƒĞ²Ğ°Ğ½Ğ½Ñ, Ğ½Ğ°Ğ»Ğ°ÑˆÑ‚Ğ¾Ğ²Ğ°Ğ½Ñ– Ğ»Ñ–Ğ½Ñ‚ĞµÑ€Ğ¸ Ñ‚Ğ°Â Ğ¿Ñ€Ğ°Ğ³Ğ½ĞµĞ¼Ğ¾ Ğ¿Ğ¾ĞºÑ€Ğ¸Ğ²Ğ°Ñ‚Ğ¸ Ğ²ÑÑ ĞºĞ¾Ğ´Ğ¾Ğ²Ñƒ Ğ±Ğ°Ğ·Ñƒ Ñ‚ĞµÑÑ‚Ğ°Ğ¼Ğ¸. ğŸ†™ Ğ—Ğ°Ğ¾Ñ…Ğ¾Ñ‡ÑƒÑ”Ğ¼Ğ¾ Ñ€Ğ¾Ğ·Ñ€Ğ¾Ğ±Ğ½Ğ¸ĞºÑ–Ğ² Ğ¿Ñ€Ğ°Ñ†ÑĞ²Ğ°Ñ‚Ğ¸ Ğ½Ğ°Ğ´ Ñ–Ğ½Ñ„Ñ€Ğ°ÑÑ‚Ñ€ÑƒĞºÑ‚ÑƒÑ€Ğ¾Ñ Ñ–Â Ñ€Ğ¾Ğ·Ğ±Ğ¸Ñ€Ğ°Ñ‚Ğ¸ÑÑ ÑĞºÂ Ğ¿Ñ€Ğ°Ñ†ÑÑÑ‚ÑŒ DevOps-Ğ¿Ñ€Ğ¾Ñ†ĞµÑĞ¸.     âœ… Ğ”Ğ¾ÑĞ²Ñ–Ğ´ Ğ¿Ñ€Ğ¾Ğ³Ñ€Ğ°Ğ¼ÑƒĞ²Ğ°Ğ½Ğ½ÑĞ¼ Ğ½Ğ°Â Python. âœ… Ğ—Ğ½Ğ°Ğ½Ğ½Ñ Ñ€ĞµĞ»ÑÑ†Ñ–Ğ¹Ğ½Ğ¸Ñ… Ğ±Ğ°Ğ· Ğ´Ğ°Ğ½Ğ¸Ñ… (Ñ–Ğ½Ğ´ĞµĞºÑĞ¸, Ğ½Ğ¾Ñ€Ğ¼Ğ°Ğ»Ñ–Ğ·Ğ°Ñ†Ñ–Ñ, Joins, raw SQL, profiling). âœ… Ğ—Ğ½Ğ°Ğ½Ğ½Ñ ÑÑ‚Ñ€ÑƒĞºÑ‚ÑƒÑ€Ğ½Ğ¸Ñ…, Ğ°Ñ€Ñ…Ñ–Ñ‚ĞµĞºÑ‚ÑƒÑ€Ğ½Ğ¸Ñ… Ñ‚Ğ°Â Ğ´Ğ¸Ğ·Ğ°Ğ¹Ğ½ Ğ¿Ğ°Ñ‚Ñ‚ĞµÑ€Ğ½Ñ–Ğ², best practices Ñ‚Ğ¾Ñ‰Ğ¾. âœ… Ğ’Ğ¸ÑĞ¾ĞºĞ¸Ğ¹ Ñ€Ñ–Ğ²ĞµĞ½ÑŒ Ğ°Ğ²Ñ‚Ğ¾Ğ½Ğ¾Ğ¼Ğ½Ğ¾ÑÑ‚Ñ–, Ğ¿Ñ€Ğ¾Ğ°ĞºÑ‚Ğ¸Ğ²Ğ½Ñ–ÑÑ‚ÑŒ, ownership, strong verbal and writing skills.   âœ… ĞšĞ¾Ğ¼ĞµÑ€Ñ†Ñ–Ğ¹Ğ½Ğ¸Ğ¹ Ğ´Ğ¾ÑĞ²Ñ–Ğ´ Ğ²Â e-commerce. âœ… ĞŸÑ€Ğ°ĞºÑ‚Ğ¸Ñ‡Ğ½Ğ¸Ğ¹ Ğ´Ğ¾ÑĞ²Ñ–Ğ´ Ğ·Â GraphQL. âœ… Ğ”Ğ¾ÑĞ²Ñ–Ğ´ Ğ·Â DevOps-Ñ–Ğ½ÑÑ‚Ñ€ÑƒĞ¼ĞµĞ½Ñ‚Ğ°Ğ¼Ğ¸ Ñ‚Ğ°Â Ğ¿Ñ€Ğ°ĞºÑ‚Ğ¸ĞºĞ°Ğ¼Ğ¸.   ."
OX Company,Python (Flask) Developer with experience in ML or AI, Ğ›ÑŒĞ²Ñ–Ğ²,"Ğ Ğ¾Ğ·Ñ€Ğ¾Ğ±Ğ»ÑÑ‚Ğ¸ Ñ‚Ğ°Â Ğ¿Ñ–Ğ´Ñ‚Ñ€Ğ¸Ğ¼ÑƒĞ²Ğ°Ñ‚Ğ¸ Ğ±ĞµĞºĞµĞ½Ğ´ Ğ½Ğ°Â Flask. Ğ†Ğ½Ñ‚ĞµĞ³Ñ€ÑƒĞ²Ğ°Ñ‚Ğ¸ API Ğ´Ğ»Ñ Ñ€Ğ¾Ğ±Ğ¾Ñ‚Ğ¸  Ğ·Ñ–Â ÑˆÑ‚ÑƒÑ‡Ğ½Ğ¸Ğ¼ Ñ–Ğ½Ñ‚ĞµĞ»ĞµĞºÑ‚Ğ¾Ğ¼ Ñ‚Ğ°Â Ğ¼Ğ°ÑˆĞ¸Ğ½Ğ½Ğ¸Ğ¼ Ğ½Ğ°Ğ²Ñ‡Ğ°Ğ½Ğ½ÑĞ¼ . ĞĞ¿Ñ‚Ğ¸Ğ¼Ñ–Ğ·ÑƒĞ²Ğ°Ñ‚Ğ¸ Ğ¿Ñ€Ğ¾Ğ´ÑƒĞºÑ‚Ğ¸Ğ²Ğ½Ñ–ÑÑ‚ÑŒ ÑĞ¸ÑÑ‚ĞµĞ¼Ğ¸ Ñ‚Ğ°Â Ñ€Ğ¾Ğ±Ğ¸Ñ‚Ğ¸ Ñ—Ñ—Â Ğ¼Ğ°ÑÑˆÑ‚Ğ°Ğ±Ğ¾Ğ²Ğ°Ğ½Ğ¾Ñ. Ğ Ğ¾Ğ·ÑƒĞ¼Ñ–Ñ‚Ğ¸ Ğ¿Ñ€Ğ¸Ğ½Ñ†Ğ¸Ğ¿Ğ¸ Ñ€Ğ¾Ğ·Ñ€Ğ¾Ğ±ĞºĞ¸Â AI Ğ¼Ğ¾Ğ´ĞµĞ»ĞµĞ¹ Ñ–Â Ğ²Ğ¿Ñ€Ğ¾Ğ²Ğ°Ğ´Ğ¶ÑƒĞ²Ğ°Ñ‚Ğ¸ Ñ—Ñ…Â ÑƒÂ Ğ¿Ñ€Ğ¾Ñ”ĞºÑ‚Ğ¸. ĞŸÑ€Ğ°Ñ†ÑĞ²Ğ°Ñ‚Ğ¸ Ğ·Â Ğ±Ğ°Ğ·Ğ°Ğ¼Ğ¸ Ğ´Ğ°Ğ½Ğ¸Ñ…, Ğ·Ğ¾ĞºÑ€ĞµĞ¼Ğ°  PostgreSQL . Ğ Ğ¾Ğ·Ñ€Ğ¾Ğ±Ğ»ÑÑ‚Ğ¸ RESTful ÑĞµÑ€Ğ²Ñ–ÑĞ¸ Ñ‚Ğ°Â ÑĞ»Ñ–Ğ´ĞºÑƒĞ²Ğ°Ñ‚Ğ¸ Ğ·Ğ°Â Ğ±ĞµĞ·Ğ¿ĞµĞºĞ¾Ñ Ğ´Ğ¾Ğ´Ğ°Ñ‚ĞºÑ–Ğ². Ğ”Ğ¾ÑĞ²Ñ–Ğ´ Ñ€Ğ¾Ğ±Ğ¾Ñ‚Ğ¸ Ğ·Â  Python  (Ğ²Ñ–Ğ´ 3Â Ñ€Ğ¾ĞºÑ–Ğ²) Ñ‚Ğ°Â  Flask  (Ğ²Ñ–Ğ´ 2Â Ñ€Ğ¾ĞºÑ–Ğ²). Ğ’Ğ¼Ñ–Ğ½Ğ½Ñ Ğ¿Ñ€Ğ°Ñ†ÑĞ²Ğ°Ñ‚Ğ¸ Ğ·Â  Django . Ğ”Ğ¾ÑĞ²Ñ–Ğ´ Ñ€Ğ¾Ğ±Ğ¾Ñ‚Ğ¸ Ğ·Â  SQL ,  NoSQL Â Ñ‚Ğ°  Neo4j  Ğ±Ğ°Ğ·Ğ°Ğ¼Ğ¸ Ğ´Ğ°Ğ½Ğ¸Ñ…. Ğ Ğ¾Ğ·ÑƒĞ¼Ñ–Ğ½Ğ½Ñ Ğ¼Ñ–ĞºÑ€Ğ¾ÑĞµÑ€Ğ²Ñ–ÑĞ½Ğ¾Ñ— Ğ°Ñ€Ñ…Ñ–Ñ‚ĞµĞºÑ‚ÑƒÑ€Ğ¸ Ñ‚Ğ°Â Ğ´Ğ¾ÑĞ²Ñ–Ğ´ ÑÑ‚Ğ²Ğ¾Ñ€ĞµĞ½Ğ½Ñ API. Ğ‘Ğ°Ğ·Ğ¾Ğ²Ñ– Ğ·Ğ½Ğ°Ğ½Ğ½Ñ Ğ¼Ğ°ÑˆĞ¸Ğ½Ğ½Ğ¾Ğ³Ğ¾ Ğ½Ğ°Ğ²Ñ‡Ğ°Ğ½Ğ½Ñ Ñ‚Ğ°Â NLP (Ğ±Ğ°Ğ¶Ğ°Ğ½Ğ¾). Ğ’Ğ¿ĞµĞ²Ğ½ĞµĞ½Ğµ ĞºĞ¾Ñ€Ğ¸ÑÑ‚ÑƒĞ²Ğ°Ğ½Ğ½Ñ  Git . Ğ”Ğ¾ÑĞ²Ñ–Ğ´ Ñ€Ğ¾Ğ±Ğ¾Ñ‚Ğ¸ Ğ·Â  Docker . Ğ Ğ¾Ğ·ÑƒĞ¼Ñ–Ğ½Ğ½Ñ Ğ°Ñ€Ñ…Ñ–Ñ‚ĞµĞºÑ‚ÑƒÑ€  UNet  Ñ‚Ğ°Â Ñ€Ğ¾Ğ±Ğ¾Ñ‚Ğ¸ Ğ·Â Ñ‚Ñ€Ğ°Ğ½ÑÑ„Ğ¾Ñ€Ğ¼ĞµÑ€Ğ°Ğ¼Ğ¸. Ğ Ğ¾Ğ±Ğ¾Ñ‚Ğ° Ğ·Â Ğ±Ñ–Ğ±Ğ»Ñ–Ğ¾Ñ‚ĞµĞºĞ¾Ñ  Librosa . Ğ”Ğ¾ÑĞ²Ñ–Ğ´ Ğ·Â  FastAPI . Ğ‘Ğ°Ğ·Ğ¾Ğ²Ñ– Ğ½Ğ°Ğ²Ğ¸Ñ‡ĞºĞ¸ Ñ€Ğ¾Ğ±Ğ¾Ñ‚Ğ¸ Ğ·Â Ğ°ÑƒĞ´Ñ–Ğ¾-Ğ´Ğ°Ğ½Ğ¸Ğ¼Ğ¸ Ğ½Ğ°Â Ñ€Ñ–Ğ²Ğ½Ñ– ĞºĞ¾Ğ´Ñƒ. ĞšĞ¾Ğ¼Ñ„Ğ¾Ñ€Ñ‚Ğ½Ñ– ÑƒĞ¼Ğ¾Ğ²Ğ¸ Ñ‚Ğ°Â Ğ²ÑÑ Ğ½ĞµĞ¾Ğ±Ñ…Ñ–Ğ´Ğ½Ğ° Ñ‚ĞµÑ…Ğ½Ñ–ĞºĞ° Ğ´Ğ»Ñ Ğ¿Ñ€Ğ¾Ğ´ÑƒĞºÑ‚Ğ¸Ğ²Ğ½Ğ¾Ñ— Ñ€Ğ¾Ğ±Ğ¾Ñ‚Ğ¸. ĞšĞ¾Ğ½ĞºÑƒÑ€ĞµĞ½Ñ‚Ğ½Ğ° Ğ·Ğ°Ñ€Ğ¿Ğ»Ğ°Ñ‚Ğ° Ñ‚Ğ°Â Ğ¼Ğ¾Ğ¶Ğ»Ğ¸Ğ²Ñ–ÑÑ‚ÑŒ Ğ·Ñ€Ğ¾ÑÑ‚Ğ°Ğ½Ğ½Ñ. 24Â ĞºĞ°Ğ»ĞµĞ½Ğ´Ğ°Ñ€Ğ½Ñ– Ğ´Ğ½Ñ–  Ğ¾Ğ¿Ğ»Ğ°Ñ‡ÑƒĞ²Ğ°Ğ½Ğ¾Ñ— Ğ²Ñ–Ğ´Ğ¿ÑƒÑÑ‚ĞºĞ¸ Ñ‚Ğ°Â Ğ»Ñ–ĞºĞ°Ñ€Ğ½ÑĞ½Ñ–. Ğ‘ĞµĞ·ĞºĞ¾ÑˆÑ‚Ğ¾Ğ²Ğ½Ğµ Ğ²Ñ–Ğ´Ğ²Ñ–Ğ´ÑƒĞ²Ğ°Ğ½Ğ½Ñ  ÑĞ¿Ğ¾Ñ€Ñ‚Ğ·Ğ°Ğ»Ñƒ . ĞšÑƒÑ€ÑĞ¸ Ñ‚Ğ°Â Ğ¿Ñ€Ğ¾Ğ³Ñ€Ğ°Ğ¼Ğ¸ Ğ¿Ñ–Ğ´Ğ²Ğ¸Ñ‰ĞµĞ½Ğ½Ñ ĞºĞ²Ğ°Ğ»Ñ–Ñ„Ñ–ĞºĞ°Ñ†Ñ–Ñ—. ĞœĞ¾Ğ¶Ğ»Ğ¸Ğ²Ñ–ÑÑ‚ÑŒ Ñ€Ğ¾Ğ·Ğ²Ğ¸Ğ²Ğ°Ñ‚Ğ¸ÑÑŒ Ñ–Â Ğ±ÑƒĞ´ÑƒĞ²Ğ°Ñ‚Ğ¸ ĞºĞ°Ñ€â€™Ñ”Ñ€Ñƒ Ñ€Ğ°Ğ·Ğ¾Ğ¼ Ğ·Â Ğ½Ğ°Ğ¼Ğ¸. ĞŸĞµÑ€ĞµĞ´ ÑÑ‚Ğ°Ñ€Ñ‚Ğ¾Ğ¼ Ğ¼Ğ¸Â Ğ¿Ñ–Ğ´Ğ¿Ğ¸ÑÑƒÑ”Ğ¼Ğ¾  NDA  (Ğ´Ğ¾Ğ³Ğ¾Ğ²Ñ–Ñ€ Ğ¿Ñ€Ğ¾ Ğ½ĞµÑ€Ğ¾Ğ·Ğ³Ğ¾Ğ»Ğ¾ÑˆĞµĞ½Ğ½Ñ Ñ–Ğ½Ñ„Ğ¾Ñ€Ğ¼Ğ°Ñ†Ñ–Ñ—). ĞŸÑ–ÑĞ»Ñ Ğ¿Ñ€Ğ¾Ñ…Ğ¾Ğ´Ğ¶ĞµĞ½Ğ½Ñ Ğ²Ğ¸Ğ¿Ñ€Ğ¾Ğ±ÑƒĞ²Ğ°Ğ»ÑŒĞ½Ğ¾Ğ³Ğ¾ Ñ‚ĞµÑ€Ğ¼Ñ–Ğ½Ñƒ Ğ¿Ñ–Ğ´Ğ¿Ğ¸ÑÑƒÑ”Ğ¼Ğ¾ Ñ‚Ñ€ÑƒĞ´Ğ¾Ğ²Ğ¸Ğ¹ Ğ´Ğ¾Ğ³Ğ¾Ğ²Ñ–Ñ€. "
Nexteum,Python Ğ Ğ¾Ğ·Ñ€Ğ¾Ğ±Ğ½Ğ¸Ğº Ğ´Ğ»Ñ Ğ£Ğ¿Ñ€Ğ°Ğ²Ğ»Ñ–Ğ½Ğ½Ñ FPV Ğ”Ñ€Ğ¾Ğ½Ğ¾Ğ¼, Ğ²Ñ–Ğ´Ğ´Ğ°Ğ»ĞµĞ½Ğ¾,"ĞœĞ¸Â ÑˆÑƒĞºĞ°Ñ”Ğ¼Ğ¾ Python-Ñ€Ğ¾Ğ·Ñ€Ğ¾Ğ±Ğ½Ğ¸ĞºĞ°, ÑĞºĞ¸Ğ¹ Ğ·Ğ°Ñ…Ğ¾Ğ¿Ğ»ÑÑ”Ñ‚ÑŒÑÑ Ñ€Ğ¾Ğ±Ğ¾Ñ‚Ğ¾Ñ‚ĞµÑ…Ğ½Ñ–ĞºĞ¾Ñ Ñ‚Ğ°Â ÑÑƒÑ‡Ğ°ÑĞ½Ğ¸Ğ¼Ğ¸ Ñ‚ĞµÑ…Ğ½Ğ¾Ğ»Ğ¾Ğ³Ñ–ÑĞ¼Ğ¸ Ñ–Â Ğ³Ğ¾Ñ‚Ğ¾Ğ²Ğ¸Ğ¹ Ğ¿Ñ€Ğ°Ñ†ÑĞ²Ğ°Ñ‚Ğ¸ Ğ·Â ÑƒĞ¿Ñ€Ğ°Ğ²Ğ»Ñ–Ğ½Ğ½ÑĞ¼ Ğ´Ñ€Ğ¾Ğ½Ğ°Ğ¼Ğ¸ FPV. Ğ£Â Ñ†ÑŒĞ¾Ğ¼Ñƒ Ğ¿Ñ€Ğ¾ĞµĞºÑ‚Ñ– Ğ²Ğ¸Â Ğ±ÑƒĞ´ĞµÑ‚Ğµ Ñ€Ğ¾Ğ·Ñ€Ğ¾Ğ±Ğ»ÑÑ‚Ğ¸ Ñ‚Ğ°Â Ğ¿Ñ–Ğ´Ñ‚Ñ€Ğ¸Ğ¼ÑƒĞ²Ğ°Ñ‚Ğ¸ Ğ¿Ñ€Ğ¾Ğ³Ñ€Ğ°Ğ¼Ğ½Ğµ Ğ·Ğ°Ğ±ĞµĞ·Ğ¿ĞµÑ‡ĞµĞ½Ğ½Ñ Ğ´Ğ»Ñ Ğ°Ğ²Ñ‚Ğ¾Ğ½Ğ¾Ğ¼Ğ½Ğ¾Ğ³Ğ¾ ĞºĞµÑ€ÑƒĞ²Ğ°Ğ½Ğ½Ñ Ğ´Ñ€Ğ¾Ğ½Ğ°Ğ¼Ğ¸, Ğ²ĞºĞ»ÑÑ‡Ğ½Ğ¾ Ğ·Â ĞºĞ¾Ğ¼Ğ¿â€™ÑÑ‚ĞµÑ€Ğ½Ğ¸Ğ¼ Ğ±Ğ°Ñ‡ĞµĞ½Ğ½ÑĞ¼, Ğ¼Ğ°ÑˆĞ¸Ğ½Ğ½Ğ¸Ğ¼ Ğ½Ğ°Ğ²Ñ‡Ğ°Ğ½Ğ½ÑĞ¼ Ñ‚Ğ°Â Ñ‚ĞµĞ»ĞµĞ¼ĞµÑ‚Ñ€Ñ–Ñ—.  â€”Â Ğ Ğ¾Ğ·Ñ€Ğ¾Ğ±ĞºĞ° Ñ‚Ğ°Â Ğ¾Ğ¿Ñ‚Ğ¸Ğ¼Ñ–Ğ·Ğ°Ñ†Ñ–Ñ Python-ÑĞºÑ€Ğ¸Ğ¿Ñ‚Ñ–Ğ² Ğ´Ğ»Ñ ÑƒĞ¿Ñ€Ğ°Ğ²Ğ»Ñ–Ğ½Ğ½Ñ FPV-Ğ´Ñ€Ğ¾Ğ½Ğ°Ğ¼Ğ¸; â€”Â Ğ Ğ¾Ğ·Ñ€Ğ¾Ğ±ĞºĞ° Ğ°Ğ»Ğ³Ğ¾Ñ€Ğ¸Ñ‚Ğ¼Ñ–Ğ² Ğ´Ğ»Ñ Ğ°Ğ²Ñ‚Ğ¾Ğ½Ğ¾Ğ¼Ğ½Ğ¾Ğ³Ğ¾ Ğ¿Ğ¾Ğ»ÑŒĞ¾Ñ‚Ñƒ, Ğ²Â Ñ‚Ğ¾Ğ¼Ñƒ Ñ‡Ğ¸ÑĞ»Ñ– Ğ½Ğ°Ğ²Ñ–Ğ³Ğ°Ñ†Ñ–Ñ— Ñ‚Ğ°Â ÑÑ‚Ğ°Ğ±Ñ–Ğ»Ñ–Ğ·Ğ°Ñ†Ñ–Ñ—;  â€”Â Ğ†Ğ½Ñ‚ĞµĞ³Ñ€Ğ°Ñ†Ñ–Ñ ÑĞ¸ÑÑ‚ĞµĞ¼Ğ¸ ĞºĞ¾Ğ¼Ğ¿â€™ÑÑ‚ĞµÑ€Ğ½Ğ¾Ğ³Ğ¾ Ğ·Ğ¾Ñ€Ñƒ Ğ´Ğ»Ñ Ğ²Ğ¸ÑĞ²Ğ»ĞµĞ½Ğ½Ñ Ñ‚Ğ°Â Ğ²Ñ–Ğ´ÑÑ‚ĞµĞ¶ĞµĞ½Ğ½Ñ Ğ¾Ğ±â€™Ñ”ĞºÑ‚Ñ–Ğ²; â€”Â Ğ Ğ¾Ğ±Ğ¾Ñ‚Ğ° Ğ·Â Ğ±Ñ–Ğ±Ğ»Ñ–Ğ¾Ñ‚ĞµĞºĞ°Ğ¼Ğ¸ Ñ‚Ğ°Â Ñ„Ñ€ĞµĞ¹Ğ¼Ğ²Ğ¾Ñ€ĞºĞ°Ğ¼Ğ¸, Ñ‚Ğ°ĞºĞ¸Ğ¼Ğ¸ ÑĞºÂ OpenCV, DroneKit, ROS Ñ–Â PyTorch; â€”Â ĞĞ°Ğ»Ğ°ÑˆÑ‚ÑƒĞ²Ğ°Ğ½Ğ½Ñ Ñ–Â Ğ²Ğ·Ğ°Ñ”Ğ¼Ğ¾Ğ´Ñ–Ñ Ğ·Â Ñ€Ñ–Ğ·Ğ½Ğ¸Ğ¼Ğ¸ ÑĞµĞ½ÑĞ¾Ñ€Ğ°Ğ¼Ğ¸ (GPS, IMU, ĞºĞ°Ğ¼ĞµÑ€Ğ¸ Ñ–Â Ñ‚.Ğ´.);  â€”Â Ğ Ğ¾Ğ·Ñ€Ğ¾Ğ±ĞºĞ° Ñ‚Ğ°Â Ğ°Ğ½Ğ°Ğ»Ñ–Ğ· Ğ´Ğ°Ğ½Ğ¸Ñ… Ñ‚ĞµĞ»ĞµĞ¼ĞµÑ‚Ñ€Ñ–Ñ— Ğ´Ğ»Ñ Ğ¾Ğ¿Ñ‚Ğ¸Ğ¼Ñ–Ğ·Ğ°Ñ†Ñ–Ñ— Ğ»ÑŒĞ¾Ñ‚Ğ½Ğ¸Ñ… Ñ…Ğ°Ñ€Ğ°ĞºÑ‚ĞµÑ€Ğ¸ÑÑ‚Ğ¸Ğº;  â€”Â Ğ¢ĞµÑÑ‚ÑƒĞ²Ğ°Ğ½Ğ½Ñ Ñ‚Ğ°Â Ğ²Ñ–Ğ´Ğ»Ğ°Ğ´ĞºĞ° ĞºĞ¾Ğ´Ñƒ Ğ½Ğ°Â Ñ€ĞµĞ°Ğ»ÑŒĞ½Ğ¸Ñ… Ğ´Ñ€Ğ¾Ğ½Ğ°Ñ… Ñ–Â ÑĞ¸Ğ¼ÑƒĞ»ÑÑ‚Ğ¾Ñ€Ğ°Ñ… (Ğ½Ğ°Ğ¿Ñ€Ğ¸ĞºĞ»Ğ°Ğ´, Gazebo, AirSim);  â€”Â Ğ Ğ¾Ğ·Ñ€Ğ¾Ğ±ĞºĞ° REST API Ğ´Ğ»Ñ Ğ²Ñ–Ğ´Ğ´Ğ°Ğ»ĞµĞ½Ğ¾Ğ³Ğ¾ ÑƒĞ¿Ñ€Ğ°Ğ²Ğ»Ñ–Ğ½Ğ½Ñ Ñ‚Ğ°Â Ğ¼Ğ¾Ğ½Ñ–Ñ‚Ğ¾Ñ€Ğ¸Ğ½Ğ³Ñƒ Ğ´Ñ€Ğ¾Ğ½Ğ¾Ğ²;  â€”Â Ğ£Ñ‡Ğ°ÑÑ‚ÑŒ ÑƒÂ Ğ¿Ñ€Ğ¾ĞµĞºÑ‚ÑƒĞ²Ğ°Ğ½Ğ½Ñ– Ñ‚Ğ°Â Ñ€ĞµĞ°Ğ»Ñ–Ğ·Ğ°Ñ†Ñ–Ñ— ÑĞ¸ÑÑ‚ĞµĞ¼ Ğ±ĞµĞ·Ğ¿ĞµĞºĞ¸ Ñ‚Ğ°Â Ğ²Ñ–Ğ´Ğ¼Ğ¾Ğ²Ğ¾ÑÑ‚Ñ–Ğ¹ĞºĞ¾ÑÑ‚Ñ–. :  â€”Â Ğ”Ğ¾ÑĞ²Ñ–Ğ´ Ñ€Ğ¾Ğ±Ğ¾Ñ‚Ğ¸ Ğ·Â Python Ğ²Ñ–Ğ´ 2Â Ñ€Ğ¾ĞºÑ–Ğ²;  â€”Â Ğ”Ğ¾Ğ±Ñ€Ğµ Ğ·Ğ½Ğ°Ğ½Ğ½Ñ Ğ°Ğ»Ğ³Ğ¾Ñ€Ğ¸Ñ‚Ğ¼Ñ–Ğ² Ñ–Â ÑÑ‚Ñ€ÑƒĞºÑ‚ÑƒÑ€Ğ¸ Ğ´Ğ°Ğ½Ğ¸Ñ…;  â€”Â Ğ”Ğ¾ÑĞ²Ñ–Ğ´ Ñ€Ğ¾Ğ±Ğ¾Ñ‚Ğ¸ Ğ·Â Ğ±Ñ–Ğ±Ğ»Ñ–Ğ¾Ñ‚ĞµĞºĞ°Ğ¼Ğ¸ OpenCVÂ Ñ– PyTorch;  â€”Â Ğ”Ğ¾ÑĞ²Ñ–Ğ´ Ñ€Ğ¾Ğ·Ñ€Ğ¾Ğ±ĞºĞ¸ Ğ¿Ñ€Ğ¾Ğ³Ñ€Ğ°Ğ¼Ğ½Ğ¾Ğ³Ğ¾ Ğ·Ğ°Ğ±ĞµĞ·Ğ¿ĞµÑ‡ĞµĞ½Ğ½Ñ Ğ´Ğ»Ñ Ğ´Ñ€Ğ¾Ğ½Ñ–Ğ² Ğ·Ğ°Â Ğ´Ğ¾Ğ¿Ğ¾Ğ¼Ğ¾Ğ³Ğ¾Ñ DroneKit, ROS Ğ°Ğ±Ğ¾ Ğ°Ğ½Ğ°Ğ»Ğ¾Ğ³Ñ–Ñ‡Ğ½Ğ¾Ñ— Ğ¿Ğ»Ğ°Ñ‚Ñ„Ğ¾Ñ€Ğ¼Ğ¸;  â€”Â ĞŸĞ¾Ğ½ÑÑ‚Ñ‚Ñ Ğ¿Ñ€Ğ¸Ğ½Ñ†Ğ¸Ğ¿Ñ–Ğ² Ñ€Ğ¾Ğ±Ğ¾Ñ‚Ğ¸ Ğ±ĞµĞ·Ğ¿Ñ–Ğ»Ğ¾Ñ‚Ğ½Ğ¸Ñ… Ğ»Ñ–Ñ‚Ğ°Ğ»ÑŒĞ½Ğ¸Ñ… Ğ°Ğ¿Ğ°Ñ€Ğ°Ñ‚Ñ–Ğ² Ñ–Â ÑĞ¸ÑÑ‚ĞµĞ¼ FPV;  â€”Â Ğ”Ğ¾ÑĞ²Ñ–Ğ´ Ñ€Ğ¾Ğ±Ğ¾Ñ‚Ğ¸ ÑÂ ÑĞ¸ÑÑ‚ĞµĞ¼Ğ°Ğ¼Ğ¸ ĞºĞ¾Ğ¼Ğ¿Ê¼ÑÑ‚ĞµÑ€Ğ½Ğ¾Ğ³Ğ¾ Ğ±Ğ°Ñ‡ĞµĞ½Ğ½Ñ Ñ‚Ğ°Â Ğ¼Ğ°ÑˆĞ¸Ğ½Ğ½Ğ¾Ğ³Ğ¾ Ğ½Ğ°Ğ²Ñ‡Ğ°Ğ½Ğ½Ñ;  â€”Â ĞĞ°Ğ²Ğ¸Ñ‡ĞºĞ¸ Ñ€Ğ¾Ğ±Ğ¾Ñ‚Ğ¸ Ğ·Â Linux Ñ–Â Ğ½Ğ°Ğ»Ğ°ÑˆÑ‚ÑƒĞ²Ğ°Ğ½Ğ½Ñ Ğ²Ğ±ÑƒĞ´Ğ¾Ğ²Ğ°Ğ½Ğ¾Ñ— ÑĞ¸ÑÑ‚ĞµĞ¼Ğ¸;  â€”Â Ğ—Ğ½Ğ°Ğ½Ğ½Ñ Ğ¿Ñ€Ğ¾Ñ‚Ğ¾ĞºĞ¾Ğ»Ñ–Ğ² MAVLink Ñ–Â ÑƒĞ¿Ñ€Ğ°Ğ²Ğ»Ñ–Ğ½Ğ½Ñ Ğ´Ñ€Ğ¾Ğ½Ğ°Ğ¼Ğ¸;  â€”Â Ğ”Ğ¾ÑĞ²Ñ–Ğ´ Ñ€Ğ¾Ğ±Ğ¾Ñ‚Ğ¸ Ğ·Â ÑĞ¸Ğ¼ÑƒĞ»ÑÑ‚Ğ¾Ñ€Ğ°Ğ¼Ğ¸ Ğ´Ñ€Ğ¾Ğ½Ñ–Ğ² (Gazebo, AirSim Ñ‚Ğ¾Ñ‰Ğ¾) Ğ±ÑƒĞ´Ğµ Ğ¿Ğ»ÑÑĞ¾Ğ¼;  â€”Â ĞĞ½Ğ³Ğ»Ñ–Ğ¹ÑÑŒĞºĞ° Ğ¼Ğ¾Ğ²Ğ° Ğ½Ğ°Â Ñ€Ñ–Ğ²Ğ½Ñ– Ñ‡Ğ¸Ñ‚Ğ°Ğ½Ğ½Ñ Ñ‚ĞµÑ…Ğ½Ñ–Ñ‡Ğ½Ğ¾Ñ— Ğ´Ğ¾ĞºÑƒĞ¼ĞµĞ½Ñ‚Ğ°Ñ†Ñ–Ñ—.  â€”Â Ğ”Ğ¾ÑĞ²Ñ–Ğ´ Ñ€Ğ¾Ğ±Ğ¾Ñ‚Ğ¸ Ğ·Â C++;  â€”Â Ğ”Ğ¾ÑĞ²Ñ–Ğ´ Ñ€Ğ¾Ğ±Ğ¾Ñ‚Ğ¸ Ğ·Â Ğ¼ĞµÑ€ĞµĞ¶ĞµĞ²Ğ¸Ğ¼Ğ¸ Ğ¿Ñ€Ğ¾Ñ‚Ğ¾ĞºĞ¾Ğ»Ğ°Ğ¼Ğ¸ Ñ–Â Ñ€Ğ¾Ğ·Ñ€Ğ¾Ğ±ĞºĞ¾Ñ Ğ¼ĞµÑ€ĞµĞ¶ĞµĞ²Ğ¸Ñ… Ğ´Ğ¾Ğ´Ğ°Ñ‚ĞºÑ–Ğ²; â€”Â Ğ Ğ¾Ğ·ÑƒĞ¼Ñ–Ğ½Ğ½Ñ Ğ¿Ñ€Ğ¸Ğ½Ñ†Ğ¸Ğ¿Ñ–Ğ² SLAM (Ğ¾Ğ´Ğ½Ğ¾Ñ‡Ğ°ÑĞ½Ğ° Ğ»Ğ¾ĞºĞ°Ğ»Ñ–Ğ·Ğ°Ñ†Ñ–Ñ Ñ‚Ğ°Â Ğ²Ñ–Ğ´Ğ¾Ğ±Ñ€Ğ°Ğ¶ĞµĞ½Ğ½Ñ).  â€”Â Ğ’Ñ–Ğ´Ğ´Ğ°Ğ»ĞµĞ½Ğ° Ñ€Ğ¾Ğ±Ğ¾Ñ‚Ğ° Ğ·Â Ğ³Ğ½ÑƒÑ‡ĞºĞ¸Ğ¼ Ğ³Ñ€Ğ°Ñ„Ñ–ĞºĞ¾Ğ¼;  â€”Â ĞœĞ¾Ğ¶Ğ»Ğ¸Ğ²Ñ–ÑÑ‚ÑŒ Ñ€Ğ¾Ğ±Ğ¾Ñ‚Ğ¸ Ğ½Ğ°Ğ´ Ñ–Ğ½Ğ½Ğ¾Ğ²Ğ°Ñ†Ñ–Ğ¹Ğ½Ğ¸Ğ¼Ğ¸ Ğ¿Ñ€Ğ¾ĞµĞºÑ‚Ğ°Ğ¼Ğ¸ Ğ²Â Ğ¾Ğ±Ğ»Ğ°ÑÑ‚Ñ– Ñ€Ğ¾Ğ±Ğ¾Ñ‚Ğ¾Ñ‚ĞµÑ…Ğ½Ñ–ĞºĞ¸;  â€”Â ĞšĞ¾Ğ½ĞºÑƒÑ€ĞµĞ½Ñ‚Ğ¾ÑĞ¿Ñ€Ğ¾Ğ¼Ğ¾Ğ¶Ğ½Ğ° Ğ·Ğ°Ñ€Ğ¾Ğ±Ñ–Ñ‚Ğ½Ğ° Ğ¿Ğ»Ğ°Ñ‚Ğ½Ñ $2500+;  â€”Â ĞœĞ¾Ğ¶Ğ»Ğ¸Ğ²Ñ–ÑÑ‚ÑŒ Ğ½Ğ°Ğ²Ñ‡Ğ°Ğ½Ğ½Ñ Ñ‚Ğ°Â Ğ¿Ñ€Ğ¾Ñ„ĞµÑÑ–Ğ¹Ğ½Ğ¾Ğ³Ğ¾ Ğ·Ñ€Ğ¾ÑÑ‚Ğ°Ğ½Ğ½Ñ Ğ²Â Ğ¾Ğ±Ğ»Ğ°ÑÑ‚Ñ– Ğ°Ğ²Ñ‚Ğ¾Ğ½Ğ¾Ğ¼Ğ½Ğ¸Ñ… ÑĞ¸ÑÑ‚ĞµĞ¼."
Zutobi,Backend Python Developer, Ğ²Ñ–Ğ´Ğ´Ğ°Ğ»ĞµĞ½Ğ¾," isÂ aÂ global EdTech company offering engaging, innovative digital solutions designed toÂ provide users with accessible and convenient learning experiences. AtÂ the moment, our company proudly features 3Â diverse applications, each atÂ aÂ different stage ofÂ development. Â isÂ anÂ app and web-based learning platform that helps students toÂ prepare for completing the permit test needed for getting aÂ driverâ€™s license. Currently, weÂ are looking for anÂ ambitious  with strong potential toÂ become part ofÂ our global team! â€”Â AtÂ least 3Â years ofÂ experience asÂ aÂ Back End Developer. â€”Â Experience with Python/Django/DRF. â€”Â Experience working with Docker. â€”Â Experience writing unit tests. â€”Â Good problem solving, technical and data analysis skills. â€”Â Upper-Intermediate (orÂ higher) English level. â€”Â Experience working with relational and NoSQLÂ databases. â€”Â Experience working with Celery, RabbitMQ, Redis. â€”Â Experience working with Cloud Services (Google Cloud Platform, AWS). â€”Â Working inÂ anÂ international distributed team inÂ anÂ Agile environment. â€”Â Designing and developing new product features asÂ well asÂ improving existing ones. â€”Â Identify and troubleshoot bugs and performance issues. â€”Â Write unit tests, API documentation inÂ swagger. â€”Â Participating inÂ product discussion meetings and technical decisions. â€”Â Documenting technical decisions and approaches â€”Â Working inÂ the industry leader and growing together with the product (weÂ finally reached over 250,000 monthly users). â€”Â The freedom toÂ push boundaries and use all your expertise. â€”Â Salary review based onÂ work performance. â€”Â Remote work. â€”Â Paid vacation &Â sick leaves (20Â business days per year). â€”Â Full taxation coverage from the companyâ€™s side (for FOPs inÂ Ukraine) â€”Â Development courses/training reimbursement."
OSKI solutions,Junior Python Developer ( with .Net), Ğ²Ñ–Ğ´Ğ´Ğ°Ğ»ĞµĞ½Ğ¾,"AtÂ least 1Â year ofÂ commercial experience with Python. Basic knowledge ofÂ the .NET ecosystem  Solid understanding ofÂ OOP principles. Experience with version control (Git). Familiarity with databases (MySQL, PostgreSQL, orÂ others). Basic experience working with RESTful APIs. Understanding ofÂ client-server architecture. Familiarity with HTML, CSS, and JavaScript basics. "
Innovecs,Junior Software Engineer (Python + Java)," ĞšĞ¸Ñ—Ğ², Ğ²Ñ–Ğ´Ğ´Ğ°Ğ»ĞµĞ½Ğ¾","Flexible hours and remote-first mode Competitive compensation Complete Hardware/Software setupÂ â€” anything you need for work Open-door culture, transparent communication, and top management atÂ aÂ handshake distance Health insurance, vacation, sick leaves, holidays, paid maternity/paternity leave Access toÂ our learning &Â development center: workshops, webinars, training platform, and edutainment events  Virtual team buildings and social activities toÂ celebrate the Innovecs lifestyle Requirements: 2+Â years ofÂ relevant commercial experience with Python, including 1+Â year ofÂ Java programming expertise Deep knowledge ofÂ Java Core Experience with: SpringBoot and Spring components Hibernate (Spring JPA) Debugging Git Maven, Experience with CI/CD; Application servers (Tomcat, Jetty) Good understanding and experience inÂ OOPÂ / Patterns Azure cloud experience will beÂ aÂ plus Contribute inÂ all phases ofÂ the development lifecycle; Write well designed, testable, efficient code; Ensure designs are inÂ compliance with specifications; Prepare and produce releases ofÂ software components; Support continuous improvement byÂ investigating alternatives and technologies and presenting these for architectural review. "
Meest Group,Odoo/Python Engineer, Ğ²Ñ–Ğ´Ğ´Ğ°Ğ»ĞµĞ½Ğ¾,"Meest ShoppingÂ â€” the international delivery service for goods from online stores inÂ Europe (England, Spain, Poland), and the USA, isÂ expandingÂ IT team and isÂ looking for anÂ Odoo/Python Engineer.  WeÂ are looking for aÂ qualified Python developer with experience inÂ Odoo ERP. IfÂ you are aÂ Python programmer with experience inÂ developing Odoo ERP, this position could beÂ perfect for you. Main responsibilities: â€¢ Develop and debug solutions inÂ Odoo ERP, including modules, reports and integrations. â€¢ Create and optimize databases, develop new functionalities and ensure their compatibility with existing Odoo modules. â€¢ Test, review and optimize existing code solutions. â€¢ Support and provide advice toÂ other team members onÂ Odoo ERP. Requirements: â€¢ Experience inÂ Python development, preferably from 2Â years. â€¢ Knowledge and experience inÂ working with Odoo ERP. â€¢ Higher education inÂ IT orÂ related field. â€¢ Understanding ofÂ databases and SQL. â€¢ Ability toÂ work inÂ aÂ team and good communication skills. Your main qualities: â€¢ Organization, structure and responsibility; â€¢ Attention toÂ detail; â€¢ Good communication skills. What weÂ offer: â€¢ Career development prospects. â€¢ Support for work-life balance, remote work format. WeÂ offer competitive salaries, the opportunity for professional growth and development inÂ aÂ company with great potential. IfÂ you are ready toÂ take onÂ this challenge and develop solutions inÂ the Odoo ERP system, leave your feedback."
CyberBionic Systematics,Ğ’Ğ¸ĞºĞ»Ğ°Ğ´Ğ°Ñ‡/Ğ¢Ñ€ĞµĞ½ĞµÑ€ ĞºÑƒÑ€ÑÑ–Ğ² Python, Ğ²Ñ–Ğ´Ğ´Ğ°Ğ»ĞµĞ½Ğ¾,"ĞœĞ°Ñ” Ğ´Ğ¾ÑĞ²Ñ–Ğ´ Python developer Ğ²Ñ–Ğ´  2-Ñ…  Ñ€Ğ¾ĞºÑ–Ğ² Ğ”Ğ¾Ğ±Ñ€Ğµ Ğ²Ğ¾Ğ»Ğ¾Ğ´Ñ–Ñ” Python3, Django, Web-Ñ„Ñ€ĞµĞ¹Ğ¼Ğ²Ğ¾Ñ€ĞºÑ–Ğ² Ğ—Ğ½Ğ°Ñ” OOP, SQLite, Git Ğ’Ğ¼Ñ–Ñ” Ğ·Ñ€Ğ¾Ğ·ÑƒĞ¼Ñ–Ğ»Ğ¾ Ğ¿Ğ¾ÑÑĞ½ÑĞ²Ğ°Ñ‚Ğ¸ ÑĞºĞ»Ğ°Ğ´Ğ½Ñ– Ñ€ĞµÑ‡Ñ– Ğ¿Ñ€Ğ¾ÑÑ‚Ğ¸Ğ¼Ğ¸ ÑĞ»Ğ¾Ğ²Ğ°Ğ¼Ğ¸ Ñ‚Ğ°Â Ğ¿Ñ€Ğ¸ĞºĞ»Ğ°Ğ´Ğ°Ğ¼Ğ¸ Ğ”Ğ¾ÑĞ²Ñ–Ğ´ Ğ²Ğ¸ĞºĞ»Ğ°Ğ´Ğ°Ğ½Ğ½Ñ Ğ°Ğ±Ğ¾ Ğ¼ĞµĞ½Ñ‚Ğ¾Ñ€ÑÑ‚Ğ²Ğ° (Ğ±ÑƒĞ´Ğµ +) ĞŸÑ€Ğ¾Ğ²ĞµĞ´ĞµĞ½Ğ½Ñ Ğ·Ğ°Ğ½ÑÑ‚ÑŒ Ğ·Ğ³Ñ–Ğ´Ğ½Ğ¾ Ğ·Â Ğ¾Ğ±ÑƒĞ¼Ğ¾Ğ²Ğ»ĞµĞ½Ğ¸Ğ¼ Ğ³Ñ€Ğ°Ñ„Ñ–ĞºĞ¾Ğ¼ (3Â Ñ€Ğ°Ğ·Ğ¸ Ğ½Ğ°Â Ñ‚Ğ¸Ğ¶Ğ´ĞµĞ½ÑŒ Ğ¿Ğ¾Â 2Â Ğ³Ğ¾Ğ´Ğ¸Ğ½Ğ¸) Ğ’ĞµĞ´ĞµĞ½Ğ½Ñ Ğ³Ñ€ÑƒĞ¿Ğ¸ Ğ²Ñ–Ğ´ Ğ¿Ğ¾Ñ‡Ğ°Ñ‚ĞºÑƒ ĞºÑƒÑ€ÑÑƒ Ğ´Ğ¾Â Ğ¾Ñ‚Ñ€Ğ¸Ğ¼Ğ°Ğ½Ğ½Ñ ÑĞµÑ€Ñ‚Ğ¸Ñ„Ñ–ĞºĞ°Ñ‚Ğ° ĞĞ°Ğ´Ğ°Ğ½Ğ½Ñ ĞºĞ¾Ğ½ÑÑ‚Ñ€ÑƒĞºÑ‚Ğ¸Ğ²Ğ½Ğ¾Ğ³Ğ¾ Ğ·Ğ²Ğ¾Ñ€Ğ¾Ñ‚Ğ½Ğ¾Ğ³Ğ¾ Ğ·Ğ²â€™ÑĞ·ĞºÑƒ ÑÑ‚ÑƒĞ´ĞµĞ½Ñ‚Ğ°Ğ¼ Ğ£Ñ‡Ğ°ÑÑ‚ÑŒ ÑƒÂ ÑÑ‚Ğ²Ğ¾Ñ€ĞµĞ½Ğ½Ñ– Ğ½Ğ°Ğ²Ñ‡Ğ°Ğ»ÑŒĞ½Ğ¸Ñ… Ğ¼Ğ°Ñ‚ĞµÑ€Ñ–Ğ°Ğ»Ñ–Ğ² Ğ Ğ¾Ğ·Ğ²Ğ¸Ñ‚Ğ¾Ğº Ğ²Ğ»Ğ°ÑĞ½Ğ¸Ñ… Ğ½Ğ°Ğ²Ğ¸Ñ‡Ğ¾Ğº Ñ‚Ğ°Â ÑÑ‚Ñ€ÑƒĞºÑ‚ÑƒÑ€ÑƒĞ²Ğ°Ğ½Ğ½Ñ Ğ·Ğ½Ğ°Ğ½ÑŒ ĞŸÑ–Ğ´Ğ²Ğ¸Ñ‰ĞµĞ½Ğ½Ñ Ğ²Ğ¼Ñ–Ğ½ÑŒ Ğ¿ÑƒĞ±Ğ»Ñ–Ñ‡Ğ½Ğ¸Ñ… Ğ²Ğ¸ÑÑ‚ÑƒĞ¿Ñ–Ğ² Ñ‚Ğ°Â Ğ±ÑƒĞ´ÑƒĞ²Ğ°Ğ½Ğ½Ñ Ğ¾ÑĞ¾Ğ±Ğ¸ÑÑ‚Ğ¾Ğ³Ğ¾ Ğ±Ñ€ĞµĞ½Ğ´Ñƒ Ğ£Ñ‡Ğ°ÑÑ‚ÑŒ ÑƒÂ Ñ€Ğ¾Ğ·Ñ€Ğ¾Ğ±Ñ†Ñ– Ğ¼ĞµÑ‚Ğ¾Ğ´Ğ¾Ğ»Ğ¾Ğ³Ñ–Ñ‡Ğ½Ğ¸Ñ… Ğ¿Ñ€Ğ¾Ñ†ĞµÑÑ–Ğ² Ğ“Ğ½ÑƒÑ‡ĞºĞ¸Ğ¹ Ğ³Ñ€Ğ°Ñ„Ñ–Ğº Ñ‚Ğ°Â Ñ‡Ğ°ÑÑ‚ĞºĞ¾Ğ²Ğ° Ğ·Ğ°Ğ¹Ğ½ÑÑ‚Ñ–ÑÑ‚ÑŒ  Ğ”Ğ¸ÑÑ‚Ğ°Ğ½Ñ†Ñ–Ğ¹Ğ½Ğ° Ñ€Ğ¾Ğ±Ğ¾Ñ‚Ğ¸ ĞœĞ¸Â Ğ½Ğ°Ğ´Ğ°Ñ”Ğ¼Ğ¾ ÑƒÑÑ– Ğ¼Ğ°Ñ‚ĞµÑ€Ñ–Ğ°Ğ»Ğ¸ Ğ´Ğ»Ñ Ñ€Ğ¾Ğ±Ğ¾Ñ‚Ğ¸ Ñ–Ğ·Â ÑÑ‚ÑƒĞ´ĞµĞ½Ñ‚Ğ°Ğ¼Ğ¸ ĞœĞ¾Ğ¶Ğ»Ğ¸Ğ²Ñ–ÑÑ‚ÑŒ Ğ±ĞµĞ·ĞºĞ¾ÑˆÑ‚Ğ¾Ğ²Ğ½Ğ¾ Ğ½Ğ°Ğ²Ñ‡Ğ°Ñ‚Ğ¸ÑÑ ÑƒÂ ĞºĞ¾Ğ»ĞµĞ³, Ğ¾Ğ±Ğ¼Ñ–Ğ½ÑĞ²Ğ°Ñ‚Ğ¸ÑÑ Ğ·Ğ½Ğ°Ğ½Ğ½ÑĞ¼Ğ¸ Ñ‚Ğ°Â Ğ´Ğ¾ÑĞ²Ñ–Ğ´Ğ¾Ğ¼ Ğ”Ğ¾Ğ¼Ğ°ÑˆĞ½Ñ– Ğ·Ğ°Ğ²Ğ´Ğ°Ğ½Ğ½Ñ Ğ¿ĞµÑ€ĞµĞ²Ñ–Ñ€ÑÑ” Ğ¿Ğ¾Ğ¼Ñ–Ñ‡Ğ½Ğ¸Ğº, Ğ°Â HR Ğ´Ğ¾Ğ¿Ğ¾Ğ¼Ğ°Ğ³Ğ°Ñ” ÑƒÂ Ğ¿Ñ€Ğ°Ñ†ĞµĞ²Ğ»Ğ°ÑˆÑ‚ÑƒĞ²Ğ°Ğ½Ğ½Ñ– "
Infozahyst,Middle Python Developer in QA automation, ĞšĞ¸Ñ—Ğ²,"ĞšĞ¾Ğ¼ĞµÑ€Ñ†Ñ–Ğ¹Ğ½Ğ¸Ğ¹ Ğ´Ğ¾ÑĞ²Ñ–Ğ´ Ğ°Ğ²Ñ‚Ğ¾Ğ¼Ğ°Ñ‚Ğ¸Ğ·Ğ°Ñ†Ñ–Ñ— Ğ¼Ğ¾Ğ²Ğ¾Ñ Ğ¿Ñ€Ğ¾Ğ³Ñ€Ğ°Ğ¼ÑƒĞ²Ğ°Ğ½Ğ½Ñ Python Ğ²Ñ–Ğ´ 1Â Ñ€Ğ¾ĞºÑƒ; Ğ—Ğ½Ğ°Ğ½Ğ½Ñ Ğ±Ñ–Ğ±Ğ»Ñ–Ğ¾Ñ‚ĞµĞº pytest, pyserial; Ğ’Ğ¼Ñ–Ğ½Ğ½Ñ Ğ²Ğ¸ĞºĞ¾Ğ½ÑƒĞ²Ğ°Ñ‚Ğ¸ ÑÑ‚Ğ°Ñ‚Ğ¸ÑÑ‚Ğ¸Ñ‡Ğ½Ñƒ Ğ¾Ğ±Ñ€Ğ¾ĞºÑƒ Ğ´Ğ°Ğ½Ğ¸Ñ… Ñ‚Ğ°Â Ñ—Ñ…Â Ğ²Ñ–Ğ´Ğ¾Ğ±Ñ€Ğ°Ğ¶ĞµĞ½Ğ½Ñ (numpy, pandas, matplotlib); Ğ’Ğ¿ĞµĞ²Ğ½ĞµĞ½Ğ¸Ğ¹ ĞºĞ¾Ñ€Ğ¸ÑÑ‚ÑƒĞ²Ğ°Ñ‡ Windows/ Linux; ĞĞ°Ğ²Ğ¸Ñ‡ĞºĞ¸ Ñ€Ğ¾Ğ±Ğ¾Ñ‚Ğ¸ Ğ·Â Zephyr Squad/ Zephyr Scale (Ğ°Ğ±Ğ¾ Ğ¿Ğ¾Ğ´Ñ–Ğ±Ğ½Ğ¸Ğ¼); Ğ’Ğ¼Ñ–Ğ½Ğ½Ñ Ğ¿Ñ€Ğ°Ñ†ÑĞ²Ğ°Ñ‚Ğ¸ Ğ·Â Git; Ğ—Ğ½Ğ°Ğ½Ğ½Ñ Ğ²Ğ¸Ğ´Ñ–Ğ², ĞµÑ‚Ğ°Ğ¿Ñ–Ğ² Ñ–Â Ğ¼ĞµÑ‚Ğ¾Ğ´Ğ¸ĞºĞ¸ Ñ‚ĞµÑÑ‚ÑƒĞ²Ğ°Ğ½Ğ½Ñ; Ğ Ñ–Ğ²ĞµĞ½ÑŒ Ğ°Ğ½Ğ³Ğ»Ñ–Ğ¹ÑÑŒĞºĞ¾Ñ— Ğ¼Ğ¾Ğ²Ğ¸ Ğ²Ñ–Ğ´ Intermediate; Ğ‘Ğ°Ğ¶Ğ°Ğ½Ğ½Ñ Ğ½Ğ°Ğ²Ñ‡Ğ°Ñ‚Ğ¸ÑÑŒ Ñ–Â Ğ²Ğ´Ğ¾ÑĞºĞ¾Ğ½Ğ°Ğ»ÑĞ²Ğ°Ñ‚Ğ¸ ÑĞ²Ğ¾Ñ— Ğ½Ğ°Ğ²Ğ¸Ñ‡ĞºĞ¸; Ğ’Ğ¼Ñ–Ğ½Ğ½Ñ Ğ¿Ñ€Ğ°Ñ†ÑĞ²Ğ°Ñ‚Ğ¸ Ğ²Â ĞºĞ¾Ğ¼Ğ°Ğ½Ğ´Ñ–, Ğ²Ñ–Ğ´Ğ¿Ğ¾Ğ²Ñ–Ğ´Ğ°Ğ»ÑŒĞ½Ñ–ÑÑ‚ÑŒ, ĞºĞ¾Ğ¼ÑƒĞ½Ñ–ĞºĞ°Ğ±ĞµĞ»ÑŒĞ½Ñ–ÑÑ‚ÑŒ. Ğ—Ğ½Ğ°Ğ½Ğ½Ñ Ğ±Ñ–Ğ±Ğ»Ñ–Ğ¾Ñ‚ĞµĞº PyQT/PySide; Ğ”Ğ¾ÑĞ²Ñ–Ğ´ Ñ€Ğ¾Ğ·Ñ€Ğ¾Ğ±ĞºĞ¸ Ğ²ĞµĞ±-Ğ·Ğ°ÑÑ‚Ğ¾ÑÑƒĞ½ĞºÑ–Ğ²; Ğ”Ğ¾ÑĞ²Ñ–Ğ´ Ñ€Ğ¾Ğ±Ğ¾Ñ‚Ğ¸ Ğ·Â Jira, Confluence; Ğ”Ğ¾ÑĞ²Ñ–Ğ´ Ñ€Ğ¾Ğ±Ğ¾Ñ‚Ğ¸ Ğ·Â Ğ¿Ğ¾ÑĞ»Ñ–Ğ´Ğ¾Ğ²Ğ½Ğ¸Ğ¼Ğ¸ Ñ–Ğ½Ñ‚ĞµÑ€Ñ„ĞµĞ¹ÑĞ°Ğ¼Ğ¸ (UART, RS232, RS422, Ñ‚Ğ¾Ñ‰Ğ¾); PĞ¾Ğ·ÑƒĞ¼Ñ–Ğ½Ğ½Ñ Ñ€Ğ¾Ğ±Ğ¾Ñ‚Ğ¸ Ğ¼ĞµÑ€ĞµĞ¶ĞµĞ²Ğ¸Ñ… Ñ–Ğ½Ñ‚ĞµÑ€Ñ„ĞµĞ¹ÑÑ–Ğ²; Ğ”Ğ¾ÑĞ²Ñ–Ğ´ Ğ°Ğ²Ñ‚Ğ¾Ğ¼Ğ°Ñ‚Ğ¸Ğ·Ğ°Ñ†Ñ–Ñ— Ñ‚ĞµÑÑ‚ÑƒĞ²Ğ°Ğ½Ğ½Ñ embeddedÂ â€” ÑĞ¸ÑÑ‚ĞµĞ¼; Ğ”Ğ¾ÑĞ²Ñ–Ğ´ Ñ€Ğ¾Ğ±Ğ¾Ñ‚Ğ¸ Ğ·Â Ğ²Ğ¸Ğ¼Ñ–Ñ€ÑĞ²Ğ°Ğ»ÑŒĞ½Ğ¾Ñ Ñ‚ĞµÑ…Ğ½Ñ–ĞºĞ¾Ñ (Ğ°Ğ½Ğ°Ğ»Ñ–Ğ·Ğ°Ñ‚Ğ¾Ñ€ ÑĞ¿ĞµĞºÑ‚Ñ€Ñƒ, Ğ³ĞµĞ½ĞµÑ€Ğ°Ñ‚Ğ¾Ñ€ Ñ‡Ğ°ÑÑ‚Ğ¾Ñ‚); Ğ—Ğ½Ğ°Ğ½Ğ½Ñ ÑƒÂ Ğ½Ğ°Ğ¿Ñ€ÑĞ¼ĞºÑƒ Ñ€Ğ°Ğ´Ñ–Ğ¾Ñ‚ĞµÑ…Ğ½Ñ–ĞºĞ¸ (ĞºĞ¾Ğ¼Ğ¿Ğ¾Ğ½ĞµĞ½Ñ‚Ñ–Ğ² Ğ¿Ñ€Ğ¸Ğ¹Ğ¼Ğ°Ğ»ÑŒĞ½Ğ¾-Ğ¿ĞµÑ€ĞµĞ´Ğ°Ğ²Ğ°Ğ»ÑŒĞ½Ğ¸Ñ… Ğ¿Ñ€Ğ¸ÑÑ‚Ñ€Ğ¾Ñ—Ğ², Ñ‚Ğ¸Ğ¿Ğ¸ ÑĞ¸Ğ³Ğ½Ğ°Ğ»Ñ–Ğ² Ñ‚Ğ°Â Ñ—Ñ…Â Ğ¼Ğ¾Ğ´ÑƒĞ»ÑÑ†Ñ–Ñ—, ÑĞ¿ĞµĞºÑ‚Ñ€Ğ°Ğ»ÑŒĞ½Ğ¸Ğ¹ Ğ°Ğ½Ğ°Ğ»Ñ–Ğ·); Ğ†Ğ½Ğ¶ĞµĞ½ĞµÑ€Ğ½Ñ– PetÂ â€” Ğ¿Ñ€Ğ¾ĞµĞºÑ‚Ğ¸. Ğ Ğ¾Ğ·Ñ€Ğ¾Ğ±ĞºĞ° Ğ¿Ñ€Ğ¾Ğ³Ñ€Ğ°Ğ¼Ğ½Ğ¾Ğ³Ğ¾ Ğ·Ğ°Ğ±ĞµĞ·Ğ¿ĞµÑ‡ĞµĞ½Ğ½Ñ Ğ½Ğ°Â Ğ¼Ğ¾Ğ²Ñ– Ğ¿Ñ€Ğ¾Ğ³Ñ€Ğ°Ğ¼ÑƒĞ²Ğ°Ğ½Ğ½Ñ Python Ğ´Ğ»Ñ Ğ°Ğ²Ñ‚Ğ¾Ğ¼Ğ°Ñ‚Ğ¸Ğ·Ğ°Ñ†Ñ–Ñ— Ğ¿Ñ€Ğ¾Ñ†ĞµÑÑ–Ğ² Ñ‚ĞµÑÑ‚ÑƒĞ²Ğ°Ğ½Ğ½Ñ, Ñ€Ğ¾Ğ±Ğ¾Ñ‚Ğ¸ Ğ·Â Ğ²Ğ¸Ğ¼Ñ–Ñ€ÑĞ²Ğ°Ğ»ÑŒĞ½Ğ¸Ğ¼ Ğ¾Ğ±Ğ»Ğ°Ğ´Ğ½Ğ°Ğ½Ğ½ÑĞ¼ (Ğ¾ÑÑ†Ğ¸Ğ»Ğ¾Ğ³Ñ€Ğ°Ñ„Ğ¾Ğ¼, Ğ³ĞµĞ½ĞµÑ€Ğ°Ñ‚Ğ¾Ñ€Ğ¾Ğ¼ Ñ‡Ğ°ÑÑ‚Ğ¾Ñ‚, Ñ‚Ğ¾Ñ‰Ğ¾); Ğ¡Ñ‚Ğ²Ğ¾Ñ€ĞµĞ½Ğ½Ñ Ğ³Ñ€Ğ°Ñ„Ñ–Ñ‡Ğ½Ğ¸Ñ… Ñ–Ğ½Ñ‚ĞµÑ€Ñ„ĞµĞ¹ÑÑ–Ğ², Ğ²Ğ¸ĞºĞ¾Ñ€Ğ¸ÑÑ‚Ğ¾Ğ²ÑƒÑÑ‡Ğ¸ Ğ±Ñ–Ğ±Ğ»Ñ–Ğ¾Ñ‚ĞµĞºÑƒ Pytest, PyQt/ PySide; ĞĞ²Ñ‚Ğ¾Ğ¼Ğ°Ñ‚Ğ¸Ğ·Ğ°Ñ†Ñ–Ñ ĞºĞµÑ€ÑƒĞ²Ğ°Ğ½Ğ½Ñ Ğ¿Ñ€Ğ¸ÑÑ‚Ñ€Ğ¾ÑĞ¼Ğ¸ Ğ·Ğ°Â Ğ´Ğ¾Ğ¿Ğ¾Ğ¼Ğ¾Ğ³Ğ¾Ñ Ğ¿Ñ€Ğ¾Ñ‚Ğ¾ĞºĞ¾Ğ»Ñ–Ğ² Ğ¾Ğ±Ğ¼Ñ–Ğ½Ñƒ; CÑ‚Ñ€ÑƒĞºÑ‚ÑƒÑ€Ğ¸Ğ·Ğ°Ñ†Ñ–Ñ Ğ¿Ñ€Ğ¾ĞµĞºÑ‚Ñƒ, Ğ¾Ğ¿Ñ‚Ğ¸Ğ¼Ñ–Ğ·Ğ°Ñ†Ñ–Ñ Ñ‚Ğ°Â Ğ²Ğ´Ğ¾ÑĞºĞ¾Ğ½Ğ°Ğ»ĞµĞ½Ğ½Ñ Ñ–ÑĞ½ÑƒÑÑ‡Ğ¾Ğ³Ğ¾ ĞºĞ¾Ğ´Ñƒ; Ğ—Ğ°Ğ±ĞµĞ·Ğ¿ĞµÑ‡ĞµĞ½Ğ½Ñ Ğ²Ğ¸ÑĞ¾ĞºĞ¾Ñ— ÑĞºĞ¾ÑÑ‚Ñ– ĞºĞ¾Ğ´Ñƒ Ñ‚Ğ°Â Ğ´Ğ¾ĞºÑƒĞ¼ĞµĞ½Ñ‚Ğ°Ñ†Ñ–Ñ—. ĞœĞ¾Ğ¶Ğ»Ğ¸Ğ²Ñ–ÑÑ‚ÑŒ Ğ±Ñ€Ğ¾Ğ½ÑĞ²Ğ°Ğ½Ğ½Ñ ÑĞ¿Ñ–Ğ²Ñ€Ğ¾Ğ±Ñ–Ñ‚Ğ½Ğ¸ĞºÑ–Ğ² Ğ²Ñ–Ğ´Ğ¿Ğ¾Ğ²Ñ–Ğ´Ğ½Ğ¾ Ğ´Ğ¾Â Ñ‡Ğ¸Ğ½Ğ½Ğ¾Ğ³Ğ¾ Ğ·Ğ°ĞºĞ¾Ğ½Ğ¾Ğ´Ğ°Ğ²ÑÑ‚Ğ²Ğ° ; Ğ Ğ¾Ğ±Ğ¾Ñ‚Ñƒ Ğ²Â ÑÑ‚Ğ°Ğ±Ñ–Ğ»ÑŒĞ½Ñ–Ğ¹ ĞºĞ¾Ğ¼Ğ¿Ğ°Ğ½Ñ–Ñ—; ĞšĞ¾Ğ¼Ñ„Ğ¾Ñ€Ñ‚Ğ½Ñ– ÑƒĞ¼Ğ¾Ğ²Ğ¸ Ğ¿Ñ€Ğ°Ñ†Ñ– Ñ‚Ğ°Â ÑÑƒÑ‡Ğ°ÑĞ½Ñƒ Ğ¾Ñ„Ñ–ÑĞ½Ñƒ Ñ–Ğ½Ñ„Ñ€Ğ°ÑÑ‚Ñ€ÑƒĞºÑ‚ÑƒÑ€Ñƒ; ĞšĞ¾Ğ½ĞºÑƒÑ€ĞµĞ½Ñ‚Ğ½Ñƒ Ğ¾Ğ¿Ğ»Ğ°Ñ‚Ñƒ Ğ¿Ñ€Ğ°Ñ†Ñ–; 8-Ğ³Ğ¾Ğ´Ğ¸Ğ½Ğ½Ğ¸Ğ¹  Ñ€Ğ¾Ğ±Ğ¾Ñ‡Ğ¸Ğ¹ Ğ´ĞµĞ½ÑŒ Ğ²Â Ğ¿Ñ€Ğ¾Ğ¼Ñ–Ğ¶ĞºÑƒ  9:00-20:00; ĞšĞ¾Ğ¼Ğ¿ĞµĞ½ÑĞ°Ñ†Ñ–Ñ Ğ¿Ñ€Ğ¾Ñ„ĞµÑÑ–Ğ¹Ğ½Ğ¾Ğ³Ğ¾ Ğ½Ğ°Ğ²Ñ‡Ğ°Ğ½Ğ½Ñ; 24-Ğ´ĞµĞ½Ğ½Ñƒ  Ğ¾Ğ¿Ğ»Ğ°Ñ‡ÑƒĞ²Ğ°Ğ½Ñƒ Ğ²Ñ–Ğ´Ğ¿ÑƒÑÑ‚ĞºÑƒ Ñ‚Ğ°Â 100% Ğ¿Ğ¾ĞºÑ€Ğ¸Ñ‚Ñ‚Ñ Ğ»Ñ–ĞºĞ°Ñ€Ğ½ÑĞ½Ğ¸Ñ…; Ğ’Ñ–Ğ´ĞºÑ€Ğ¸Ñ‚Ñ–ÑÑ‚ÑŒ Ğ´Ğ¾Â Ğ½Ğ¾Ğ²Ğ¸Ñ… Ñ–Ğ´ĞµĞ¹ Ñ‚Ğ°Â Ğ¿Ñ–Ğ´Ñ…Ğ¾Ğ´Ñ–Ğ², Ğ·Ğ´Ğ¾Ñ€Ğ¾Ğ²Ğ° ĞºĞ¾Ğ¼ÑƒĞ½Ñ–ĞºĞ°Ñ†Ñ–Ñ Ğ²ÑĞµÑ€ĞµĞ´Ğ¸Ğ½Ñ– ĞºĞ¾Ğ¼Ğ°Ğ½Ğ´Ğ¸; Ğ£Ğ½Ñ–ĞºĞ°Ğ»ÑŒĞ½Ñ– Ñ‚Ğ°Â Ñ†Ñ–ĞºĞ°Ğ²Ñ– Ğ¿Ñ€Ğ¾ĞµĞºÑ‚Ğ¸; ĞŸÑ€Ğ¸Ñ‡ĞµÑ‚Ğ½Ñ–ÑÑ‚ÑŒ Ğ´Ğ¾Â ÑĞ¿Ñ€Ğ°Ğ²Ğ¸, Ñ‰Ğ¾Â Ğ½Ğ°Ğ±Ğ»Ğ¸Ğ¶Ğ°Ñ” Ğ½Ğ°ÑˆÑƒ Ğ¿ĞµÑ€ĞµĞ¼Ğ¾Ğ³Ñƒ! "
